Shah.1,Shah.2,Shah.3,Shah.4,Shah.5,Shah.6,Shah.7,Shah.8,Shah.9,Shah.10,Shah.11,Shah.12,Shah.13,Shah.14,Shah.15,Shah.16,Shah.17,Shah.18,Shah.19
ENSMUSG00000000088,ENSMUSG00000000409,ENSMUSG00000000202,ENSMUSG00000000631,ENSMUSG00000000148,ENSMUSG00000000204,ENSMUSG00000000318,ENSMUSG00000000275,ENSMUSG00000000295,ENSMUSG00000000171,ENSMUSG00000000157,ENSMUSG00000000320,ENSMUSG00000001156,ENSMUSG00000000562,ENSMUSG00000000184,ENSMUSG00000000194,ENSMUSG00000000355,ENSMUSG00000000149,
ENSMUSG00000000902,ENSMUSG00000000486,ENSMUSG00000001440,ENSMUSG00000000976,ENSMUSG00000000305,ENSMUSG00000000804,ENSMUSG00000000530,ENSMUSG00000000303,ENSMUSG00000000982,ENSMUSG00000000563,ENSMUSG00000001211,ENSMUSG00000000538,ENSMUSG00000002055,ENSMUSG00000000958,ENSMUSG00000000253,ENSMUSG00000000489,ENSMUSG00000000552,ENSMUSG00000000278,
ENSMUSG00000001056,ENSMUSG00000000627,ENSMUSG00000001542,ENSMUSG00000001150,ENSMUSG00000000628,ENSMUSG00000000869,ENSMUSG00000000594,ENSMUSG00000001138,ENSMUSG00000001289,ENSMUSG00000001380,ENSMUSG00000002083,ENSMUSG00000003154,ENSMUSG00000004187,ENSMUSG00000001847,ENSMUSG00000000440,ENSMUSG00000001128,ENSMUSG00000001305,ENSMUSG00000001473,
ENSMUSG00000001105,ENSMUSG00000000782,ENSMUSG00000002985,ENSMUSG00000001855,ENSMUSG00000001228,ENSMUSG00000000884,ENSMUSG00000000730,ENSMUSG00000003585,ENSMUSG00000002308,ENSMUSG00000001524,ENSMUSG00000003863,ENSMUSG00000003226,ENSMUSG00000005621,ENSMUSG00000001891,ENSMUSG00000000794,ENSMUSG00000001270,ENSMUSG00000001627,ENSMUSG00000001783,
ENSMUSG00000001123,ENSMUSG00000000817,ENSMUSG00000003484,ENSMUSG00000001995,ENSMUSG00000001632,ENSMUSG00000000915,ENSMUSG00000000957,ENSMUSG00000005237,ENSMUSG00000002846,ENSMUSG00000001751,ENSMUSG00000005089,ENSMUSG00000003778,ENSMUSG00000005682,ENSMUSG00000004530,ENSMUSG00000000876,ENSMUSG00000001281,ENSMUSG00000001755,ENSMUSG00000004207,
ENSMUSG00000001134,ENSMUSG00000001419,ENSMUSG00000003617,ENSMUSG00000002343,ENSMUSG00000001918,ENSMUSG00000001248,ENSMUSG00000001034,ENSMUSG00000005360,ENSMUSG00000003549,ENSMUSG00000001785,ENSMUSG00000006850,ENSMUSG00000003847,ENSMUSG00000006019,ENSMUSG00000005683,ENSMUSG00000001247,ENSMUSG00000002104,ENSMUSG00000002010,ENSMUSG00000004233,
ENSMUSG00000001175,ENSMUSG00000001444,ENSMUSG00000005043,ENSMUSG00000003134,ENSMUSG00000002052,ENSMUSG00000001946,ENSMUSG00000001280,ENSMUSG00000014177,ENSMUSG00000003604,ENSMUSG00000002102,ENSMUSG00000007880,ENSMUSG00000005609,ENSMUSG00000006154,ENSMUSG00000005800,ENSMUSG00000001642,ENSMUSG00000003746,ENSMUSG00000003038,ENSMUSG00000004730,
ENSMUSG00000001525,ENSMUSG00000001588,ENSMUSG00000007415,ENSMUSG00000003316,ENSMUSG00000002602,ENSMUSG00000002007,ENSMUSG00000002068,ENSMUSG00000014905,ENSMUSG00000006360,ENSMUSG00000002332,ENSMUSG00000010048,ENSMUSG00000005686,ENSMUSG00000009376,ENSMUSG00000005949,ENSMUSG00000001999,ENSMUSG00000003882,ENSMUSG00000003161,ENSMUSG00000005103,
ENSMUSG00000001707,ENSMUSG00000001741,ENSMUSG00000009185,ENSMUSG00000003660,ENSMUSG00000004565,ENSMUSG00000002012,ENSMUSG00000002076,ENSMUSG00000018569,ENSMUSG00000007476,ENSMUSG00000002728,ENSMUSG00000010529,ENSMUSG00000005774,ENSMUSG00000016529,ENSMUSG00000005982,ENSMUSG00000002475,ENSMUSG00000004633,ENSMUSG00000005873,ENSMUSG00000005142,
ENSMUSG00000001948,ENSMUSG00000001870,ENSMUSG00000009470,ENSMUSG00000003779,ENSMUSG00000004677,ENSMUSG00000002109,ENSMUSG00000002103,ENSMUSG00000018868,ENSMUSG00000007656,ENSMUSG00000003062,ENSMUSG00000011751,ENSMUSG00000006134,ENSMUSG00000017314,ENSMUSG00000006699,ENSMUSG00000002500,ENSMUSG00000005973,ENSMUSG00000006289,ENSMUSG00000005656,
ENSMUSG00000002014,ENSMUSG00000002033,ENSMUSG00000010045,ENSMUSG00000004040,ENSMUSG00000005198,ENSMUSG00000002625,ENSMUSG00000002981,ENSMUSG00000019577,ENSMUSG00000007867,ENSMUSG00000003283,ENSMUSG00000012017,ENSMUSG00000010097,ENSMUSG00000018387,ENSMUSG00000008892,ENSMUSG00000002504,ENSMUSG00000006205,ENSMUSG00000006304,ENSMUSG00000006599,
ENSMUSG00000002458,ENSMUSG00000002257,ENSMUSG00000010663,ENSMUSG00000004105,ENSMUSG00000005417,ENSMUSG00000002897,ENSMUSG00000003559,ENSMUSG00000019779,ENSMUSG00000009013,ENSMUSG00000004393,ENSMUSG00000013419,ENSMUSG00000018166,ENSMUSG00000018581,ENSMUSG00000011831,ENSMUSG00000003355,ENSMUSG00000008398,ENSMUSG00000013160,ENSMUSG00000006932,
ENSMUSG00000002603,ENSMUSG00000002803,ENSMUSG00000011958,ENSMUSG00000004446,ENSMUSG00000006676,ENSMUSG00000004044,ENSMUSG00000004359,ENSMUSG00000019818,ENSMUSG00000011114,ENSMUSG00000004460,ENSMUSG00000014164,ENSMUSG00000018209,ENSMUSG00000018604,ENSMUSG00000012519,ENSMUSG00000004383,ENSMUSG00000011148,ENSMUSG00000013593,ENSMUSG00000007739,
ENSMUSG00000002778,ENSMUSG00000002820,ENSMUSG00000014846,ENSMUSG00000005102,ENSMUSG00000007610,ENSMUSG00000005886,ENSMUSG00000004933,ENSMUSG00000019851,ENSMUSG00000014294,ENSMUSG00000005667,ENSMUSG00000015488,ENSMUSG00000020114,ENSMUSG00000019189,ENSMUSG00000013736,ENSMUSG00000004455,ENSMUSG00000011256,ENSMUSG00000015702,ENSMUSG00000015247,
ENSMUSG00000003072,ENSMUSG00000003153,ENSMUSG00000015355,ENSMUSG00000005267,ENSMUSG00000007817,ENSMUSG00000006342,ENSMUSG00000005057,ENSMUSG00000020019,ENSMUSG00000014301,ENSMUSG00000006219,ENSMUSG00000015829,ENSMUSG00000020143,ENSMUSG00000019338,ENSMUSG00000015733,ENSMUSG00000006235,ENSMUSG00000013089,ENSMUSG00000016257,ENSMUSG00000015839,
ENSMUSG00000003380,ENSMUSG00000003309,ENSMUSG00000015714,ENSMUSG00000005980,ENSMUSG00000008855,ENSMUSG00000012428,ENSMUSG00000005410,ENSMUSG00000020072,ENSMUSG00000014592,ENSMUSG00000006736,ENSMUSG00000017002,ENSMUSG00000020315,ENSMUSG00000020178,ENSMUSG00000016534,ENSMUSG00000007034,ENSMUSG00000014599,ENSMUSG00000016308,ENSMUSG00000015947,
ENSMUSG00000003814,ENSMUSG00000003344,ENSMUSG00000015766,ENSMUSG00000009545,ENSMUSG00000009035,ENSMUSG00000015363,ENSMUSG00000005871,ENSMUSG00000020156,ENSMUSG00000014633,ENSMUSG00000007458,ENSMUSG00000017291,ENSMUSG00000020340,ENSMUSG00000020253,ENSMUSG00000017421,ENSMUSG00000009630,ENSMUSG00000018381,ENSMUSG00000016319,ENSMUSG00000019087,
ENSMUSG00000003970,ENSMUSG00000003379,ENSMUSG00000015852,ENSMUSG00000010660,ENSMUSG00000009621,ENSMUSG00000015647,ENSMUSG00000009292,ENSMUSG00000020262,ENSMUSG00000015665,ENSMUSG00000007564,ENSMUSG00000017897,ENSMUSG00000020647,ENSMUSG00000020412,ENSMUSG00000018326,ENSMUSG00000013974,ENSMUSG00000019916,ENSMUSG00000016495,ENSMUSG00000019810,
ENSMUSG00000004096,ENSMUSG00000004056,ENSMUSG00000016128,ENSMUSG00000013646,ENSMUSG00000013236,ENSMUSG00000016520,ENSMUSG00000009628,ENSMUSG00000020434,ENSMUSG00000015843,ENSMUSG00000008301,ENSMUSG00000018341,ENSMUSG00000020919,ENSMUSG00000020439,ENSMUSG00000018433,ENSMUSG00000015202,ENSMUSG00000019987,ENSMUSG00000018446,ENSMUSG00000019966,
ENSMUSG00000005354,ENSMUSG00000004317,ENSMUSG00000016498,ENSMUSG00000014355,ENSMUSG00000013787,ENSMUSG00000016933,ENSMUSG00000009647,ENSMUSG00000021187,ENSMUSG00000017417,ENSMUSG00000010307,ENSMUSG00000018669,ENSMUSG00000021365,ENSMUSG00000020592,ENSMUSG00000018509,ENSMUSG00000019590,ENSMUSG00000020101,ENSMUSG00000018882,ENSMUSG00000019969,
ENSMUSG00000005510,ENSMUSG00000004568,ENSMUSG00000016664,ENSMUSG00000014418,ENSMUSG00000014444,ENSMUSG00000018334,ENSMUSG00000010051,ENSMUSG00000021279,ENSMUSG00000018143,ENSMUSG00000010911,ENSMUSG00000019726,ENSMUSG00000021374,ENSMUSG00000020681,ENSMUSG00000019302,ENSMUSG00000020205,ENSMUSG00000020611,ENSMUSG00000019804,ENSMUSG00000020358,
ENSMUSG00000005732,ENSMUSG00000004612,ENSMUSG00000017466,ENSMUSG00000014426,ENSMUSG00000014763,ENSMUSG00000018820,ENSMUSG00000013698,ENSMUSG00000021363,ENSMUSG00000018570,ENSMUSG00000011752,ENSMUSG00000020010,ENSMUSG00000021831,ENSMUSG00000020721,ENSMUSG00000019528,ENSMUSG00000020377,ENSMUSG00000021087,ENSMUSG00000019806,ENSMUSG00000020376,
ENSMUSG00000005779,ENSMUSG00000004655,ENSMUSG00000017754,ENSMUSG00000014496,ENSMUSG00000015133,ENSMUSG00000019278,ENSMUSG00000015501,ENSMUSG00000021499,ENSMUSG00000018572,ENSMUSG00000014075,ENSMUSG00000020087,ENSMUSG00000022008,ENSMUSG00000020782,ENSMUSG00000019917,ENSMUSG00000020604,ENSMUSG00000021364,ENSMUSG00000019814,ENSMUSG00000020571,
ENSMUSG00000005897,ENSMUSG00000004837,ENSMUSG00000018398,ENSMUSG00000014547,ENSMUSG00000015776,ENSMUSG00000019489,ENSMUSG00000015745,ENSMUSG00000021556,ENSMUSG00000019158,ENSMUSG00000015027,ENSMUSG00000020674,ENSMUSG00000023852,ENSMUSG00000020826,ENSMUSG00000019998,ENSMUSG00000020654,ENSMUSG00000021384,ENSMUSG00000019849,ENSMUSG00000020691,
ENSMUSG00000006057,ENSMUSG00000005465,ENSMUSG00000018651,ENSMUSG00000014850,ENSMUSG00000017631,ENSMUSG00000019734,ENSMUSG00000016619,ENSMUSG00000021638,ENSMUSG00000019461,ENSMUSG00000015536,ENSMUSG00000021416,ENSMUSG00000024019,ENSMUSG00000021140,ENSMUSG00000020048,ENSMUSG00000020843,ENSMUSG00000021451,ENSMUSG00000019970,ENSMUSG00000020773,
ENSMUSG00000006058,ENSMUSG00000005540,ENSMUSG00000018697,ENSMUSG00000015243,ENSMUSG00000017765,ENSMUSG00000019996,ENSMUSG00000017176,ENSMUSG00000021719,ENSMUSG00000020477,ENSMUSG00000016206,ENSMUSG00000021514,ENSMUSG00000024027,ENSMUSG00000021990,ENSMUSG00000020149,ENSMUSG00000021453,ENSMUSG00000021549,ENSMUSG00000020056,ENSMUSG00000020818,
ENSMUSG00000006095,ENSMUSG00000005696,ENSMUSG00000018965,ENSMUSG00000015522,ENSMUSG00000018765,ENSMUSG00000020183,ENSMUSG00000017802,ENSMUSG00000021720,ENSMUSG00000020692,ENSMUSG00000017428,ENSMUSG00000021643,ENSMUSG00000024085,ENSMUSG00000022272,ENSMUSG00000020361,ENSMUSG00000021636,ENSMUSG00000022148,ENSMUSG00000020116,ENSMUSG00000021038,
ENSMUSG00000006315,ENSMUSG00000005763,ENSMUSG00000019699,ENSMUSG00000015697,ENSMUSG00000018796,ENSMUSG00000020272,ENSMUSG00000018920,ENSMUSG00000021932,ENSMUSG00000020834,ENSMUSG00000017760,ENSMUSG00000021668,ENSMUSG00000024222,ENSMUSG00000022440,ENSMUSG00000020368,ENSMUSG00000022018,ENSMUSG00000022534,ENSMUSG00000020585,ENSMUSG00000021939,
ENSMUSG00000006333,ENSMUSG00000006585,ENSMUSG00000020100,ENSMUSG00000015968,ENSMUSG00000018974,ENSMUSG00000020279,ENSMUSG00000019122,ENSMUSG00000022096,ENSMUSG00000020838,ENSMUSG00000018395,ENSMUSG00000021745,ENSMUSG00000024566,ENSMUSG00000022515,ENSMUSG00000020399,ENSMUSG00000022257,ENSMUSG00000022659,ENSMUSG00000020610,ENSMUSG00000022451,
ENSMUSG00000006392,ENSMUSG00000007029,ENSMUSG00000020264,ENSMUSG00000017132,ENSMUSG00000019139,ENSMUSG00000020310,ENSMUSG00000019558,ENSMUSG00000022634,ENSMUSG00000020911,ENSMUSG00000018752,ENSMUSG00000021770,ENSMUSG00000025060,ENSMUSG00000022604,ENSMUSG00000020402,ENSMUSG00000022372,ENSMUSG00000022967,ENSMUSG00000021024,ENSMUSG00000022751,
ENSMUSG00000006589,ENSMUSG00000007950,ENSMUSG00000020388,ENSMUSG00000017697,ENSMUSG00000019464,ENSMUSG00000020401,ENSMUSG00000019984,ENSMUSG00000022742,ENSMUSG00000020937,ENSMUSG00000019088,ENSMUSG00000022041,ENSMUSG00000025196,ENSMUSG00000022687,ENSMUSG00000020484,ENSMUSG00000022621,ENSMUSG00000023066,ENSMUSG00000021550,ENSMUSG00000023030,
ENSMUSG00000006728,ENSMUSG00000008193,ENSMUSG00000020515,ENSMUSG00000017774,ENSMUSG00000019731,ENSMUSG00000020419,ENSMUSG00000020175,ENSMUSG00000022749,ENSMUSG00000021013,ENSMUSG00000019872,ENSMUSG00000022130,ENSMUSG00000025220,ENSMUSG00000023051,ENSMUSG00000020572,ENSMUSG00000022856,ENSMUSG00000023367,ENSMUSG00000021774,ENSMUSG00000024277,
ENSMUSG00000007041,ENSMUSG00000008206,ENSMUSG00000020661,ENSMUSG00000018481,ENSMUSG00000019823,ENSMUSG00000020532,ENSMUSG00000020268,ENSMUSG00000022843,ENSMUSG00000021103,ENSMUSG00000020432,ENSMUSG00000022159,ENSMUSG00000026028,ENSMUSG00000023473,ENSMUSG00000020873,ENSMUSG00000024145,ENSMUSG00000023959,ENSMUSG00000021792,ENSMUSG00000024679,
ENSMUSG00000007646,ENSMUSG00000009633,ENSMUSG00000020709,ENSMUSG00000018841,ENSMUSG00000020196,ENSMUSG00000020640,ENSMUSG00000020334,ENSMUSG00000023092,ENSMUSG00000021361,ENSMUSG00000020629,ENSMUSG00000022199,ENSMUSG00000026175,ENSMUSG00000023764,ENSMUSG00000021022,ENSMUSG00000024209,ENSMUSG00000024013,ENSMUSG00000022051,ENSMUSG00000025165,
ENSMUSG00000007815,ENSMUSG00000011267,ENSMUSG00000020829,ENSMUSG00000019796,ENSMUSG00000020282,ENSMUSG00000020752,ENSMUSG00000020564,ENSMUSG00000023965,ENSMUSG00000021496,ENSMUSG00000020630,ENSMUSG00000022816,ENSMUSG00000026491,ENSMUSG00000023800,ENSMUSG00000021076,ENSMUSG00000024268,ENSMUSG00000024381,ENSMUSG00000022407,ENSMUSG00000025428,
ENSMUSG00000008036,ENSMUSG00000012126,ENSMUSG00000020840,ENSMUSG00000019951,ENSMUSG00000020437,ENSMUSG00000020802,ENSMUSG00000020898,ENSMUSG00000024140,ENSMUSG00000021508,ENSMUSG00000020720,ENSMUSG00000024160,ENSMUSG00000026553,ENSMUSG00000024066,ENSMUSG00000021116,ENSMUSG00000024666,ENSMUSG00000024913,ENSMUSG00000023004,ENSMUSG00000025511,
ENSMUSG00000008682,ENSMUSG00000013033,ENSMUSG00000020865,ENSMUSG00000019979,ENSMUSG00000020471,ENSMUSG00000020889,ENSMUSG00000021594,ENSMUSG00000024330,ENSMUSG00000021768,ENSMUSG00000020849,ENSMUSG00000024186,ENSMUSG00000026768,ENSMUSG00000024201,ENSMUSG00000021218,ENSMUSG00000024730,ENSMUSG00000025078,ENSMUSG00000024583,ENSMUSG00000025855,
ENSMUSG00000008822,ENSMUSG00000014030,ENSMUSG00000020900,ENSMUSG00000020032,ENSMUSG00000020472,ENSMUSG00000020923,ENSMUSG00000021975,ENSMUSG00000024968,ENSMUSG00000021928,ENSMUSG00000021178,ENSMUSG00000024228,ENSMUSG00000026980,ENSMUSG00000024597,ENSMUSG00000021592,ENSMUSG00000025037,ENSMUSG00000025157,ENSMUSG00000024942,ENSMUSG00000026229,
ENSMUSG00000008859,ENSMUSG00000014453,ENSMUSG00000021003,ENSMUSG00000020111,ENSMUSG00000020473,ENSMUSG00000021108,ENSMUSG00000022501,ENSMUSG00000024985,ENSMUSG00000022111,ENSMUSG00000021248,ENSMUSG00000024325,ENSMUSG00000027035,ENSMUSG00000024816,ENSMUSG00000021610,ENSMUSG00000025911,ENSMUSG00000025473,ENSMUSG00000025917,ENSMUSG00000026321,
ENSMUSG00000009555,ENSMUSG00000015053,ENSMUSG00000021018,ENSMUSG00000020135,ENSMUSG00000020520,ENSMUSG00000021339,ENSMUSG00000022540,ENSMUSG00000025025,ENSMUSG00000022359,ENSMUSG00000021368,ENSMUSG00000024334,ENSMUSG00000027288,ENSMUSG00000024855,ENSMUSG00000021715,ENSMUSG00000026065,ENSMUSG00000025489,ENSMUSG00000026245,ENSMUSG00000026627,
ENSMUSG00000009863,ENSMUSG00000015316,ENSMUSG00000021028,ENSMUSG00000020228,ENSMUSG00000020536,ENSMUSG00000021495,ENSMUSG00000022723,ENSMUSG00000025092,ENSMUSG00000022899,ENSMUSG00000021591,ENSMUSG00000024340,ENSMUSG00000027439,ENSMUSG00000025034,ENSMUSG00000021824,ENSMUSG00000026107,ENSMUSG00000025877,ENSMUSG00000026547,ENSMUSG00000026833,
ENSMUSG00000009927,ENSMUSG00000015437,ENSMUSG00000021190,ENSMUSG00000020246,ENSMUSG00000020700,ENSMUSG00000021760,ENSMUSG00000022885,ENSMUSG00000025145,ENSMUSG00000023048,ENSMUSG00000021650,ENSMUSG00000024772,ENSMUSG00000027475,ENSMUSG00000025433,ENSMUSG00000021832,ENSMUSG00000026277,ENSMUSG00000025887,ENSMUSG00000026548,ENSMUSG00000026864,
ENSMUSG00000010755,ENSMUSG00000015619,ENSMUSG00000021250,ENSMUSG00000020422,ENSMUSG00000020770,ENSMUSG00000021795,ENSMUSG00000022913,ENSMUSG00000026064,ENSMUSG00000023067,ENSMUSG00000021737,ENSMUSG00000024807,ENSMUSG00000027582,ENSMUSG00000026455,ENSMUSG00000021876,ENSMUSG00000026303,ENSMUSG00000026355,ENSMUSG00000026986,ENSMUSG00000026956,
ENSMUSG00000011096,ENSMUSG00000016028,ENSMUSG00000021322,ENSMUSG00000020590,ENSMUSG00000020776,ENSMUSG00000022095,ENSMUSG00000022969,ENSMUSG00000026187,ENSMUSG00000023156,ENSMUSG00000021758,ENSMUSG00000024927,ENSMUSG00000027652,ENSMUSG00000026478,ENSMUSG00000021981,ENSMUSG00000026723,ENSMUSG00000026425,ENSMUSG00000027227,ENSMUSG00000026988,
ENSMUSG00000011179,ENSMUSG00000016194,ENSMUSG00000021423,ENSMUSG00000020623,ENSMUSG00000020850,ENSMUSG00000022146,ENSMUSG00000022971,ENSMUSG00000026246,ENSMUSG00000023939,ENSMUSG00000021807,ENSMUSG00000025780,ENSMUSG00000027665,ENSMUSG00000026875,ENSMUSG00000022136,ENSMUSG00000026866,ENSMUSG00000026566,ENSMUSG00000027282,ENSMUSG00000027175,
ENSMUSG00000012405,ENSMUSG00000016756,ENSMUSG00000021519,ENSMUSG00000020668,ENSMUSG00000021044,ENSMUSG00000022434,ENSMUSG00000023043,ENSMUSG00000026483,ENSMUSG00000024067,ENSMUSG00000022009,ENSMUSG00000025932,ENSMUSG00000027806,ENSMUSG00000026942,ENSMUSG00000022150,ENSMUSG00000027001,ENSMUSG00000026773,ENSMUSG00000027342,ENSMUSG00000027248,
ENSMUSG00000012848,ENSMUSG00000017386,ENSMUSG00000021608,ENSMUSG00000020715,ENSMUSG00000021281,ENSMUSG00000022610,ENSMUSG00000023079,ENSMUSG00000026504,ENSMUSG00000024146,ENSMUSG00000022108,ENSMUSG00000026589,ENSMUSG00000027878,ENSMUSG00000026979,ENSMUSG00000022215,ENSMUSG00000027803,ENSMUSG00000027111,ENSMUSG00000027952,ENSMUSG00000027550,
ENSMUSG00000014198,ENSMUSG00000017737,ENSMUSG00000021624,ENSMUSG00000020823,ENSMUSG00000021400,ENSMUSG00000022637,ENSMUSG00000023170,ENSMUSG00000026632,ENSMUSG00000024856,ENSMUSG00000022186,ENSMUSG00000026637,ENSMUSG00000027951,ENSMUSG00000027397,ENSMUSG00000022295,ENSMUSG00000028111,ENSMUSG00000027219,ENSMUSG00000028029,ENSMUSG00000027599,
ENSMUSG00000014226,ENSMUSG00000018168,ENSMUSG00000021639,ENSMUSG00000020841,ENSMUSG00000021413,ENSMUSG00000023015,ENSMUSG00000023456,ENSMUSG00000027200,ENSMUSG00000024986,ENSMUSG00000022234,ENSMUSG00000026822,ENSMUSG00000028284,ENSMUSG00000027398,ENSMUSG00000022300,ENSMUSG00000028184,ENSMUSG00000027339,ENSMUSG00000028165,ENSMUSG00000027642,
ENSMUSG00000014606,ENSMUSG00000018845,ENSMUSG00000021665,ENSMUSG00000020868,ENSMUSG00000021457,ENSMUSG00000023243,ENSMUSG00000024044,ENSMUSG00000027286,ENSMUSG00000025277,ENSMUSG00000022500,ENSMUSG00000026858,ENSMUSG00000028414,ENSMUSG00000027646,ENSMUSG00000022403,ENSMUSG00000028238,ENSMUSG00000027347,ENSMUSG00000028271,ENSMUSG00000028773,
ENSMUSG00000014769,ENSMUSG00000018925,ENSMUSG00000021886,ENSMUSG00000021068,ENSMUSG00000021484,ENSMUSG00000023809,ENSMUSG00000024187,ENSMUSG00000027330,ENSMUSG00000025279,ENSMUSG00000022551,ENSMUSG00000026883,ENSMUSG00000028551,ENSMUSG00000027661,ENSMUSG00000022752,ENSMUSG00000028670,ENSMUSG00000027669,ENSMUSG00000028343,ENSMUSG00000028982,
ENSMUSG00000015013,ENSMUSG00000019564,ENSMUSG00000022125,ENSMUSG00000021179,ENSMUSG00000021751,ENSMUSG00000024036,ENSMUSG00000024269,ENSMUSG00000027438,ENSMUSG00000025337,ENSMUSG00000022769,ENSMUSG00000027215,ENSMUSG00000028601,ENSMUSG00000028024,ENSMUSG00000023047,ENSMUSG00000028771,ENSMUSG00000027993,ENSMUSG00000028419,ENSMUSG00000029247,
ENSMUSG00000015016,ENSMUSG00000019820,ENSMUSG00000022139,ENSMUSG00000021254,ENSMUSG00000022389,ENSMUSG00000024169,ENSMUSG00000024479,ENSMUSG00000027487,ENSMUSG00000025353,ENSMUSG00000022841,ENSMUSG00000027281,ENSMUSG00000028962,ENSMUSG00000028211,ENSMUSG00000024359,ENSMUSG00000029648,ENSMUSG00000028124,ENSMUSG00000028955,ENSMUSG00000029426,
ENSMUSG00000015176,ENSMUSG00000020014,ENSMUSG00000022180,ENSMUSG00000021277,ENSMUSG00000022414,ENSMUSG00000024193,ENSMUSG00000024589,ENSMUSG00000027824,ENSMUSG00000025408,ENSMUSG00000022965,ENSMUSG00000027399,ENSMUSG00000029026,ENSMUSG00000028217,ENSMUSG00000024360,ENSMUSG00000030256,ENSMUSG00000028459,ENSMUSG00000029430,ENSMUSG00000029470,
ENSMUSG00000015542,ENSMUSG00000020167,ENSMUSG00000022350,ENSMUSG00000021311,ENSMUSG00000022443,ENSMUSG00000024299,ENSMUSG00000024818,ENSMUSG00000027863,ENSMUSG00000026535,ENSMUSG00000023571,ENSMUSG00000027580,ENSMUSG00000029190,ENSMUSG00000028530,ENSMUSG00000025130,ENSMUSG00000030342,ENSMUSG00000028552,ENSMUSG00000029462,ENSMUSG00000029484,
ENSMUSG00000015668,ENSMUSG00000020387,ENSMUSG00000022408,ENSMUSG00000021338,ENSMUSG00000022479,ENSMUSG00000024335,ENSMUSG00000025104,ENSMUSG00000028445,ENSMUSG00000026578,ENSMUSG00000023992,ENSMUSG00000028076,ENSMUSG00000029414,ENSMUSG00000028541,ENSMUSG00000025200,ENSMUSG00000030433,ENSMUSG00000028859,ENSMUSG00000029759,ENSMUSG00000029617,
ENSMUSG00000016256,ENSMUSG00000020395,ENSMUSG00000022415,ENSMUSG00000021385,ENSMUSG00000022558,ENSMUSG00000024457,ENSMUSG00000025185,ENSMUSG00000028565,ENSMUSG00000026688,ENSMUSG00000024012,ENSMUSG00000028373,ENSMUSG00000029992,ENSMUSG00000028597,ENSMUSG00000025613,ENSMUSG00000030708,ENSMUSG00000028894,ENSMUSG00000030105,ENSMUSG00000030861,
ENSMUSG00000016481,ENSMUSG00000020423,ENSMUSG00000022636,ENSMUSG00000021676,ENSMUSG00000022562,ENSMUSG00000024773,ENSMUSG00000025366,ENSMUSG00000028572,ENSMUSG00000026786,ENSMUSG00000024413,ENSMUSG00000028480,ENSMUSG00000030091,ENSMUSG00000029009,ENSMUSG00000025980,ENSMUSG00000030741,ENSMUSG00000029179,ENSMUSG00000030168,ENSMUSG00000031266,
ENSMUSG00000016554,ENSMUSG00000020486,ENSMUSG00000022663,ENSMUSG00000021910,ENSMUSG00000022799,ENSMUSG00000024873,ENSMUSG00000025372,ENSMUSG00000028737,ENSMUSG00000027076,ENSMUSG00000024981,ENSMUSG00000028525,ENSMUSG00000030213,ENSMUSG00000029385,ENSMUSG00000026150,ENSMUSG00000031443,ENSMUSG00000029392,ENSMUSG00000030272,ENSMUSG00000031672,
ENSMUSG00000017404,ENSMUSG00000020601,ENSMUSG00000022814,ENSMUSG00000021962,ENSMUSG00000022822,ENSMUSG00000024936,ENSMUSG00000025464,ENSMUSG00000028992,ENSMUSG00000027318,ENSMUSG00000024997,ENSMUSG00000029022,ENSMUSG00000030530,ENSMUSG00000029408,ENSMUSG00000026356,ENSMUSG00000031730,ENSMUSG00000029674,ENSMUSG00000030443,ENSMUSG00000032122,
ENSMUSG00000017721,ENSMUSG00000020732,ENSMUSG00000022817,ENSMUSG00000021978,ENSMUSG00000022946,ENSMUSG00000025026,ENSMUSG00000025854,ENSMUSG00000029086,ENSMUSG00000027455,ENSMUSG00000025066,ENSMUSG00000029149,ENSMUSG00000030536,ENSMUSG00000029720,ENSMUSG00000026749,ENSMUSG00000031812,ENSMUSG00000029810,ENSMUSG00000030541,ENSMUSG00000032265,
ENSMUSG00000018287,ENSMUSG00000020774,ENSMUSG00000022901,ENSMUSG00000022043,ENSMUSG00000023353,ENSMUSG00000025571,ENSMUSG00000026170,ENSMUSG00000029094,ENSMUSG00000027746,ENSMUSG00000025190,ENSMUSG00000029438,ENSMUSG00000030671,ENSMUSG00000030102,ENSMUSG00000026767,ENSMUSG00000032013,ENSMUSG00000030144,ENSMUSG00000030663,ENSMUSG00000032300,
ENSMUSG00000018565,ENSMUSG00000020788,ENSMUSG00000022964,ENSMUSG00000022075,ENSMUSG00000024130,ENSMUSG00000026285,ENSMUSG00000026437,ENSMUSG00000029098,ENSMUSG00000027955,ENSMUSG00000025232,ENSMUSG00000029658,ENSMUSG00000030788,ENSMUSG00000030217,ENSMUSG00000026914,ENSMUSG00000032014,ENSMUSG00000030149,ENSMUSG00000030751,ENSMUSG00000032309,
ENSMUSG00000018567,ENSMUSG00000020846,ENSMUSG00000023075,ENSMUSG00000022358,ENSMUSG00000024163,ENSMUSG00000026380,ENSMUSG00000026482,ENSMUSG00000029270,ENSMUSG00000028356,ENSMUSG00000025269,ENSMUSG00000029828,ENSMUSG00000030966,ENSMUSG00000031441,ENSMUSG00000027012,ENSMUSG00000032068,ENSMUSG00000030201,ENSMUSG00000030763,ENSMUSG00000032359,
ENSMUSG00000018666,ENSMUSG00000020941,ENSMUSG00000023078,ENSMUSG00000022488,ENSMUSG00000024236,ENSMUSG00000026579,ENSMUSG00000026536,ENSMUSG00000029684,ENSMUSG00000028443,ENSMUSG00000025289,ENSMUSG00000030020,ENSMUSG00000031103,ENSMUSG00000031530,ENSMUSG00000027671,ENSMUSG00000032120,ENSMUSG00000030321,ENSMUSG00000030884,ENSMUSG00000032598,
ENSMUSG00000018770,ENSMUSG00000021182,ENSMUSG00000023277,ENSMUSG00000022568,ENSMUSG00000024400,ENSMUSG00000026616,ENSMUSG00000026544,ENSMUSG00000030255,ENSMUSG00000028466,ENSMUSG00000025393,ENSMUSG00000030142,ENSMUSG00000031529,ENSMUSG00000031537,ENSMUSG00000027823,ENSMUSG00000032231,ENSMUSG00000030651,ENSMUSG00000031168,ENSMUSG00000032757,
ENSMUSG00000018774,ENSMUSG00000021411,ENSMUSG00000024120,ENSMUSG00000022718,ENSMUSG00000024525,ENSMUSG00000026634,ENSMUSG00000026603,ENSMUSG00000030278,ENSMUSG00000028470,ENSMUSG00000025465,ENSMUSG00000030159,ENSMUSG00000031583,ENSMUSG00000031728,ENSMUSG00000028189,ENSMUSG00000032311,ENSMUSG00000030786,ENSMUSG00000031169,ENSMUSG00000033386,
ENSMUSG00000019132,ENSMUSG00000021678,ENSMUSG00000024234,ENSMUSG00000022897,ENSMUSG00000024777,ENSMUSG00000026715,ENSMUSG00000026797,ENSMUSG00000030654,ENSMUSG00000028581,ENSMUSG00000025534,ENSMUSG00000030172,ENSMUSG00000031584,ENSMUSG00000031805,ENSMUSG00000028221,ENSMUSG00000032554,ENSMUSG00000031304,ENSMUSG00000031198,ENSMUSG00000034708,
ENSMUSG00000019432,ENSMUSG00000021879,ENSMUSG00000024298,ENSMUSG00000023044,ENSMUSG00000024851,ENSMUSG00000026830,ENSMUSG00000026928,ENSMUSG00000031138,ENSMUSG00000028684,ENSMUSG00000025781,ENSMUSG00000030232,ENSMUSG00000031596,ENSMUSG00000032280,ENSMUSG00000028229,ENSMUSG00000032942,ENSMUSG00000031799,ENSMUSG00000033106,ENSMUSG00000035203,
ENSMUSG00000019579,ENSMUSG00000021895,ENSMUSG00000024397,ENSMUSG00000023088,ENSMUSG00000024926,ENSMUSG00000026923,ENSMUSG00000027284,ENSMUSG00000031227,ENSMUSG00000028889,ENSMUSG00000026036,ENSMUSG00000030402,ENSMUSG00000031691,ENSMUSG00000032316,ENSMUSG00000028389,ENSMUSG00000033174,ENSMUSG00000032089,ENSMUSG00000034424,ENSMUSG00000035439,
ENSMUSG00000019868,ENSMUSG00000021904,ENSMUSG00000024663,ENSMUSG00000023830,ENSMUSG00000024937,ENSMUSG00000027358,ENSMUSG00000027630,ENSMUSG00000031377,ENSMUSG00000029064,ENSMUSG00000026273,ENSMUSG00000030533,ENSMUSG00000031751,ENSMUSG00000032594,ENSMUSG00000028463,ENSMUSG00000033577,ENSMUSG00000032180,ENSMUSG00000035960,ENSMUSG00000035493,
ENSMUSG00000020018,ENSMUSG00000022092,ENSMUSG00000024672,ENSMUSG00000023913,ENSMUSG00000024947,ENSMUSG00000027562,ENSMUSG00000027655,ENSMUSG00000031754,ENSMUSG00000029370,ENSMUSG00000026389,ENSMUSG00000031258,ENSMUSG00000031871,ENSMUSG00000032661,ENSMUSG00000028646,ENSMUSG00000034258,ENSMUSG00000032322,ENSMUSG00000036062,ENSMUSG00000037406,
ENSMUSG00000020022,ENSMUSG00000022237,ENSMUSG00000025044,ENSMUSG00000024052,ENSMUSG00000025017,ENSMUSG00000027776,ENSMUSG00000027994,ENSMUSG00000031778,ENSMUSG00000029752,ENSMUSG00000026646,ENSMUSG00000031762,ENSMUSG00000031902,ENSMUSG00000032754,ENSMUSG00000028657,ENSMUSG00000034353,ENSMUSG00000032324,ENSMUSG00000036078,ENSMUSG00000038143,
ENSMUSG00000020053,ENSMUSG00000022504,ENSMUSG00000025154,ENSMUSG00000024073,ENSMUSG00000025047,ENSMUSG00000028484,ENSMUSG00000028041,ENSMUSG00000032261,ENSMUSG00000030157,ENSMUSG00000026728,ENSMUSG00000031770,ENSMUSG00000032021,ENSMUSG00000032777,ENSMUSG00000028690,ENSMUSG00000034438,ENSMUSG00000032725,ENSMUSG00000036112,ENSMUSG00000038607,
ENSMUSG00000020372,ENSMUSG00000022505,ENSMUSG00000025268,ENSMUSG00000024135,ENSMUSG00000025188,ENSMUSG00000028545,ENSMUSG00000028617,ENSMUSG00000032375,ENSMUSG00000030427,ENSMUSG00000027018,ENSMUSG00000032009,ENSMUSG00000032350,ENSMUSG00000032815,ENSMUSG00000028757,ENSMUSG00000034445,ENSMUSG00000034570,ENSMUSG00000036188,ENSMUSG00000039206,
ENSMUSG00000020440,ENSMUSG00000022528,ENSMUSG00000025287,ENSMUSG00000024371,ENSMUSG00000025314,ENSMUSG00000028860,ENSMUSG00000028976,ENSMUSG00000032377,ENSMUSG00000030630,ENSMUSG00000027374,ENSMUSG00000032024,ENSMUSG00000032449,ENSMUSG00000032915,ENSMUSG00000029156,ENSMUSG00000035337,ENSMUSG00000034940,ENSMUSG00000036309,ENSMUSG00000040613,
ENSMUSG00000020460,ENSMUSG00000022657,ENSMUSG00000025350,ENSMUSG00000024451,ENSMUSG00000025332,ENSMUSG00000028965,ENSMUSG00000029012,ENSMUSG00000032392,ENSMUSG00000030706,ENSMUSG00000027423,ENSMUSG00000032184,ENSMUSG00000032601,ENSMUSG00000033295,ENSMUSG00000029175,ENSMUSG00000035342,ENSMUSG00000035042,ENSMUSG00000036381,ENSMUSG00000043050,
ENSMUSG00000020544,ENSMUSG00000022696,ENSMUSG00000025439,ENSMUSG00000024621,ENSMUSG00000025583,ENSMUSG00000029060,ENSMUSG00000029101,ENSMUSG00000032715,ENSMUSG00000031098,ENSMUSG00000027533,ENSMUSG00000032648,ENSMUSG00000032727,ENSMUSG00000033767,ENSMUSG00000029213,ENSMUSG00000036103,ENSMUSG00000035354,ENSMUSG00000036743,ENSMUSG00000043964,
ENSMUSG00000020553,ENSMUSG00000022747,ENSMUSG00000025607,ENSMUSG00000024754,ENSMUSG00000025646,ENSMUSG00000029093,ENSMUSG00000029103,ENSMUSG00000032890,ENSMUSG00000031765,ENSMUSG00000027555,ENSMUSG00000033530,ENSMUSG00000033237,ENSMUSG00000034160,ENSMUSG00000029364,ENSMUSG00000036533,ENSMUSG00000036412,ENSMUSG00000036880,ENSMUSG00000045100,
ENSMUSG00000020803,ENSMUSG00000022791,ENSMUSG00000025810,ENSMUSG00000024789,ENSMUSG00000025647,ENSMUSG00000029313,ENSMUSG00000029217,ENSMUSG00000033416,ENSMUSG00000032026,ENSMUSG00000027597,ENSMUSG00000033623,ENSMUSG00000033365,ENSMUSG00000034165,ENSMUSG00000029403,ENSMUSG00000036853,ENSMUSG00000036768,ENSMUSG00000037072,ENSMUSG00000048277,
ENSMUSG00000020857,ENSMUSG00000022865,ENSMUSG00000025823,ENSMUSG00000024798,ENSMUSG00000025728,ENSMUSG00000029397,ENSMUSG00000029521,ENSMUSG00000033684,ENSMUSG00000032044,ENSMUSG00000027637,ENSMUSG00000033788,ENSMUSG00000033444,ENSMUSG00000034610,ENSMUSG00000029413,ENSMUSG00000037411,ENSMUSG00000037849,ENSMUSG00000037278,ENSMUSG00000050751,
ENSMUSG00000020895,ENSMUSG00000022961,ENSMUSG00000025856,ENSMUSG00000024897,ENSMUSG00000025743,ENSMUSG00000029449,ENSMUSG00000029554,ENSMUSG00000033697,ENSMUSG00000032298,ENSMUSG00000028048,ENSMUSG00000034037,ENSMUSG00000033478,ENSMUSG00000034987,ENSMUSG00000029447,ENSMUSG00000037613,ENSMUSG00000038188,ENSMUSG00000037601,ENSMUSG00000052688,
ENSMUSG00000020955,ENSMUSG00000023034,ENSMUSG00000025899,ENSMUSG00000024940,ENSMUSG00000025745,ENSMUSG00000029578,ENSMUSG00000029771,ENSMUSG00000033943,ENSMUSG00000032507,ENSMUSG00000028096,ENSMUSG00000034427,ENSMUSG00000033499,ENSMUSG00000035545,ENSMUSG00000029782,ENSMUSG00000037788,ENSMUSG00000038352,ENSMUSG00000038503,ENSMUSG00000053063,
ENSMUSG00000020993,ENSMUSG00000023039,ENSMUSG00000026177,ENSMUSG00000025010,ENSMUSG00000025969,ENSMUSG00000029682,ENSMUSG00000029822,ENSMUSG00000035148,ENSMUSG00000032740,ENSMUSG00000028251,ENSMUSG00000034460,ENSMUSG00000033557,ENSMUSG00000035623,ENSMUSG00000029920,ENSMUSG00000038459,ENSMUSG00000038807,ENSMUSG00000038954,ENSMUSG00000054626,
ENSMUSG00000021079,ENSMUSG00000023132,ENSMUSG00000026234,ENSMUSG00000025139,ENSMUSG00000026110,ENSMUSG00000029821,ENSMUSG00000030397,ENSMUSG00000035237,ENSMUSG00000033475,ENSMUSG00000028378,ENSMUSG00000034518,ENSMUSG00000033902,ENSMUSG00000035678,ENSMUSG00000030062,ENSMUSG00000038508,ENSMUSG00000039191,ENSMUSG00000039530,ENSMUSG00000056121,
ENSMUSG00000021149,ENSMUSG00000023274,ENSMUSG00000026315,ENSMUSG00000025236,ENSMUSG00000026199,ENSMUSG00000029833,ENSMUSG00000031202,ENSMUSG00000035283,ENSMUSG00000033916,ENSMUSG00000028416,ENSMUSG00000034751,ENSMUSG00000034105,ENSMUSG00000036246,ENSMUSG00000030187,ENSMUSG00000038776,ENSMUSG00000039232,ENSMUSG00000040521,ENSMUSG00000056888,
ENSMUSG00000021242,ENSMUSG00000023927,ENSMUSG00000026317,ENSMUSG00000025239,ENSMUSG00000026289,ENSMUSG00000030110,ENSMUSG00000031382,ENSMUSG00000035285,ENSMUSG00000033940,ENSMUSG00000029207,ENSMUSG00000034881,ENSMUSG00000034300,ENSMUSG00000036817,ENSMUSG00000030264,ENSMUSG00000039217,ENSMUSG00000039234,ENSMUSG00000041278,ENSMUSG00000059883,
ENSMUSG00000021270,ENSMUSG00000023938,ENSMUSG00000026341,ENSMUSG00000025278,ENSMUSG00000026554,ENSMUSG00000030231,ENSMUSG00000031438,ENSMUSG00000035521,ENSMUSG00000034211,ENSMUSG00000029233,ENSMUSG00000034911,ENSMUSG00000035051,ENSMUSG00000036986,ENSMUSG00000030471,ENSMUSG00000039395,ENSMUSG00000039671,ENSMUSG00000041939,ENSMUSG00000062825,
ENSMUSG00000021290,ENSMUSG00000024011,ENSMUSG00000026365,ENSMUSG00000025931,ENSMUSG00000026604,ENSMUSG00000030313,ENSMUSG00000031452,ENSMUSG00000036292,ENSMUSG00000034413,ENSMUSG00000029432,ENSMUSG00000035186,ENSMUSG00000035476,ENSMUSG00000037012,ENSMUSG00000030934,ENSMUSG00000040263,ENSMUSG00000039908,ENSMUSG00000044442,ENSMUSG00000071855,
ENSMUSG00000021376,ENSMUSG00000024050,ENSMUSG00000026630,ENSMUSG00000026024,ENSMUSG00000026837,ENSMUSG00000030411,ENSMUSG00000031722,ENSMUSG00000036362,ENSMUSG00000034729,ENSMUSG00000029518,ENSMUSG00000035504,ENSMUSG00000035629,ENSMUSG00000037926,ENSMUSG00000031007,ENSMUSG00000040734,ENSMUSG00000040007,ENSMUSG00000046805,ENSMUSG00000073591,
ENSMUSG00000021458,ENSMUSG00000024176,ENSMUSG00000026656,ENSMUSG00000026072,ENSMUSG00000026842,ENSMUSG00000030469,ENSMUSG00000031755,ENSMUSG00000036863,ENSMUSG00000036372,ENSMUSG00000029580,ENSMUSG00000035805,ENSMUSG00000035722,ENSMUSG00000038145,ENSMUSG00000031232,ENSMUSG00000040809,ENSMUSG00000040152,ENSMUSG00000047139,ENSMUSG00000078185,
ENSMUSG00000021477,ENSMUSG00000024238,ENSMUSG00000026814,ENSMUSG00000026104,ENSMUSG00000026944,ENSMUSG00000030602,ENSMUSG00000031808,ENSMUSG00000037095,ENSMUSG00000036377,ENSMUSG00000029616,ENSMUSG00000036098,ENSMUSG00000036273,ENSMUSG00000038518,ENSMUSG00000031352,ENSMUSG00000041380,ENSMUSG00000040264,ENSMUSG00000047547,ENSMUSG00000079442,
ENSMUSG00000021486,ENSMUSG00000024240,ENSMUSG00000026932,ENSMUSG00000026173,ENSMUSG00000027130,ENSMUSG00000030770,ENSMUSG00000032060,ENSMUSG00000037112,ENSMUSG00000036975,ENSMUSG00000029651,ENSMUSG00000036564,ENSMUSG00000036450,ENSMUSG00000038521,ENSMUSG00000031402,ENSMUSG00000041757,ENSMUSG00000040990,ENSMUSG00000051185,ENSMUSG00000091811,
ENSMUSG00000021537,ENSMUSG00000024339,ENSMUSG00000027173,ENSMUSG00000026193,ENSMUSG00000027247,ENSMUSG00000030849,ENSMUSG00000032221,ENSMUSG00000037279,ENSMUSG00000037014,ENSMUSG00000029816,ENSMUSG00000036814,ENSMUSG00000036918,ENSMUSG00000038594,ENSMUSG00000031617,ENSMUSG00000042246,ENSMUSG00000041341,ENSMUSG00000051730,,
ENSMUSG00000021548,ENSMUSG00000024399,ENSMUSG00000027199,ENSMUSG00000026198,ENSMUSG00000027312,ENSMUSG00000030956,ENSMUSG00000032294,ENSMUSG00000037455,ENSMUSG00000037211,ENSMUSG00000030007,ENSMUSG00000036959,ENSMUSG00000037369,ENSMUSG00000038664,ENSMUSG00000032010,ENSMUSG00000042569,ENSMUSG00000042042,ENSMUSG00000053012,,
ENSMUSG00000021607,ENSMUSG00000024462,ENSMUSG00000027221,ENSMUSG00000026271,ENSMUSG00000027579,ENSMUSG00000031154,ENSMUSG00000032366,ENSMUSG00000037492,ENSMUSG00000037541,ENSMUSG00000030045,ENSMUSG00000037326,ENSMUSG00000037443,ENSMUSG00000038930,ENSMUSG00000032336,ENSMUSG00000042766,ENSMUSG00000042817,ENSMUSG00000054226,,
ENSMUSG00000021660,ENSMUSG00000024669,ENSMUSG00000027259,ENSMUSG00000026288,ENSMUSG00000027737,ENSMUSG00000031543,ENSMUSG00000032436,ENSMUSG00000037573,ENSMUSG00000037772,ENSMUSG00000030588,ENSMUSG00000037418,ENSMUSG00000037466,ENSMUSG00000039158,ENSMUSG00000032381,ENSMUSG00000043419,ENSMUSG00000042895,ENSMUSG00000054931,,
ENSMUSG00000021771,ENSMUSG00000024670,ENSMUSG00000027303,ENSMUSG00000026496,ENSMUSG00000027875,ENSMUSG00000031626,ENSMUSG00000032498,ENSMUSG00000037703,ENSMUSG00000037958,ENSMUSG00000030614,ENSMUSG00000037548,ENSMUSG00000037503,ENSMUSG00000039483,ENSMUSG00000032435,ENSMUSG00000043687,ENSMUSG00000043263,ENSMUSG00000055302,,
ENSMUSG00000021772,ENSMUSG00000024673,ENSMUSG00000027447,ENSMUSG00000026516,ENSMUSG00000027978,ENSMUSG00000031734,ENSMUSG00000032611,ENSMUSG00000037972,ENSMUSG00000038209,ENSMUSG00000030983,ENSMUSG00000037553,ENSMUSG00000037674,ENSMUSG00000039738,ENSMUSG00000032508,ENSMUSG00000044080,ENSMUSG00000044313,ENSMUSG00000056204,,
ENSMUSG00000021773,ENSMUSG00000024678,ENSMUSG00000027775,ENSMUSG00000026519,ENSMUSG00000028064,ENSMUSG00000031825,ENSMUSG00000032766,ENSMUSG00000038388,ENSMUSG00000038217,ENSMUSG00000031146,ENSMUSG00000037752,ENSMUSG00000037818,ENSMUSG00000039747,ENSMUSG00000032698,ENSMUSG00000044734,ENSMUSG00000044934,ENSMUSG00000058076,,
ENSMUSG00000021809,ENSMUSG00000024793,ENSMUSG00000027848,ENSMUSG00000026667,ENSMUSG00000028465,ENSMUSG00000031955,ENSMUSG00000032897,ENSMUSG00000038764,ENSMUSG00000038248,ENSMUSG00000031311,ENSMUSG00000038648,ENSMUSG00000038080,ENSMUSG00000039783,ENSMUSG00000032718,ENSMUSG00000045211,ENSMUSG00000047180,ENSMUSG00000058755,,
ENSMUSG00000021951,ENSMUSG00000024910,ENSMUSG00000028164,ENSMUSG00000026924,ENSMUSG00000028517,ENSMUSG00000032238,ENSMUSG00000032932,ENSMUSG00000039013,ENSMUSG00000038274,ENSMUSG00000031399,ENSMUSG00000038729,ENSMUSG00000038172,ENSMUSG00000039844,ENSMUSG00000032883,ENSMUSG00000046834,ENSMUSG00000048170,ENSMUSG00000059586,,
ENSMUSG00000022091,ENSMUSG00000024948,ENSMUSG00000028173,ENSMUSG00000027668,ENSMUSG00000028619,ENSMUSG00000032373,ENSMUSG00000034116,ENSMUSG00000039239,ENSMUSG00000038422,ENSMUSG00000031447,ENSMUSG00000038781,ENSMUSG00000038685,ENSMUSG00000039936,ENSMUSG00000033953,ENSMUSG00000046876,ENSMUSG00000048721,ENSMUSG00000060703,,
ENSMUSG00000022204,ENSMUSG00000025085,ENSMUSG00000028345,ENSMUSG00000027678,ENSMUSG00000028677,ENSMUSG00000032528,ENSMUSG00000034248,ENSMUSG00000039354,ENSMUSG00000039163,ENSMUSG00000031521,ENSMUSG00000039262,ENSMUSG00000038910,ENSMUSG00000040026,ENSMUSG00000034120,ENSMUSG00000049643,ENSMUSG00000049037,ENSMUSG00000060904,,
ENSMUSG00000022216,ENSMUSG00000025270,ENSMUSG00000028497,ENSMUSG00000028068,ENSMUSG00000028760,ENSMUSG00000033029,ENSMUSG00000034825,ENSMUSG00000039431,ENSMUSG00000039246,ENSMUSG00000031568,ENSMUSG00000040147,ENSMUSG00000038914,ENSMUSG00000040170,ENSMUSG00000034210,ENSMUSG00000049932,ENSMUSG00000049657,ENSMUSG00000061904,,
ENSMUSG00000022336,ENSMUSG00000025352,ENSMUSG00000028608,ENSMUSG00000028149,ENSMUSG00000029056,ENSMUSG00000033149,ENSMUSG00000034883,ENSMUSG00000040010,ENSMUSG00000039410,ENSMUSG00000031622,ENSMUSG00000041324,ENSMUSG00000038949,ENSMUSG00000040351,ENSMUSG00000034484,ENSMUSG00000050370,ENSMUSG00000049866,ENSMUSG00000062082,,
ENSMUSG00000022419,ENSMUSG00000025357,ENSMUSG00000028864,ENSMUSG00000028403,ENSMUSG00000029063,ENSMUSG00000033326,ENSMUSG00000035270,ENSMUSG00000040606,ENSMUSG00000039450,ENSMUSG00000031641,ENSMUSG00000042284,ENSMUSG00000038990,ENSMUSG00000040562,ENSMUSG00000034616,ENSMUSG00000051065,ENSMUSG00000049988,ENSMUSG00000062929,,
ENSMUSG00000022427,ENSMUSG00000025491,ENSMUSG00000028923,ENSMUSG00000028412,ENSMUSG00000029104,ENSMUSG00000033576,ENSMUSG00000035713,ENSMUSG00000040836,ENSMUSG00000039680,ENSMUSG00000031780,ENSMUSG00000042616,ENSMUSG00000039328,ENSMUSG00000040596,ENSMUSG00000034659,ENSMUSG00000051748,ENSMUSG00000052336,ENSMUSG00000063406,,
ENSMUSG00000022544,ENSMUSG00000025494,ENSMUSG00000028970,ENSMUSG00000028431,ENSMUSG00000029106,ENSMUSG00000033595,ENSMUSG00000035762,ENSMUSG00000040855,ENSMUSG00000040464,ENSMUSG00000031851,ENSMUSG00000042810,ENSMUSG00000039463,ENSMUSG00000041235,ENSMUSG00000035772,ENSMUSG00000051989,ENSMUSG00000052889,ENSMUSG00000064264,,
ENSMUSG00000022587,ENSMUSG00000025555,ENSMUSG00000029059,ENSMUSG00000028556,ENSMUSG00000029312,ENSMUSG00000034252,ENSMUSG00000036427,ENSMUSG00000041633,ENSMUSG00000040767,ENSMUSG00000031875,ENSMUSG00000043421,ENSMUSG00000039519,ENSMUSG00000041528,ENSMUSG00000036932,ENSMUSG00000052560,ENSMUSG00000053318,ENSMUSG00000068749,,
ENSMUSG00000022671,ENSMUSG00000025572,ENSMUSG00000029171,ENSMUSG00000028614,ENSMUSG00000029458,ENSMUSG00000034290,ENSMUSG00000036718,ENSMUSG00000042265,ENSMUSG00000041202,ENSMUSG00000031954,ENSMUSG00000043592,ENSMUSG00000039840,ENSMUSG00000042249,ENSMUSG00000036968,ENSMUSG00000053398,ENSMUSG00000053338,ENSMUSG00000070737,,
ENSMUSG00000022681,ENSMUSG00000025608,ENSMUSG00000029223,ENSMUSG00000028840,ENSMUSG00000029528,ENSMUSG00000034422,ENSMUSG00000036908,ENSMUSG00000042302,ENSMUSG00000041992,ENSMUSG00000032353,ENSMUSG00000043932,ENSMUSG00000040021,ENSMUSG00000042292,ENSMUSG00000036985,ENSMUSG00000053581,ENSMUSG00000053931,ENSMUSG00000074212,,
ENSMUSG00000022757,ENSMUSG00000026009,ENSMUSG00000029291,ENSMUSG00000028920,ENSMUSG00000029624,ENSMUSG00000034429,ENSMUSG00000036948,ENSMUSG00000042510,ENSMUSG00000042043,ENSMUSG00000032383,ENSMUSG00000044345,ENSMUSG00000040029,ENSMUSG00000042548,ENSMUSG00000037111,ENSMUSG00000053898,ENSMUSG00000054203,ENSMUSG00000074677,,
ENSMUSG00000022774,ENSMUSG00000026011,ENSMUSG00000029330,ENSMUSG00000028991,ENSMUSG00000029708,ENSMUSG00000034472,ENSMUSG00000037017,ENSMUSG00000042992,ENSMUSG00000042567,ENSMUSG00000032388,ENSMUSG00000044349,ENSMUSG00000040339,ENSMUSG00000042594,ENSMUSG00000037149,ENSMUSG00000054932,ENSMUSG00000054342,ENSMUSG00000075700,,
ENSMUSG00000022889,ENSMUSG00000026012,ENSMUSG00000029334,ENSMUSG00000029192,ENSMUSG00000029861,ENSMUSG00000034557,ENSMUSG00000037161,ENSMUSG00000043153,ENSMUSG00000042682,ENSMUSG00000033685,ENSMUSG00000044453,ENSMUSG00000040363,ENSMUSG00000042644,ENSMUSG00000038147,ENSMUSG00000055912,ENSMUSG00000055240,ENSMUSG00000075701,,
ENSMUSG00000022906,ENSMUSG00000026068,ENSMUSG00000029338,ENSMUSG00000029253,ENSMUSG00000030431,ENSMUSG00000034664,ENSMUSG00000037190,ENSMUSG00000043252,ENSMUSG00000042709,ENSMUSG00000033917,ENSMUSG00000044626,ENSMUSG00000040389,ENSMUSG00000043943,ENSMUSG00000038187,ENSMUSG00000055976,ENSMUSG00000055435,ENSMUSG00000079111,,
ENSMUSG00000022956,ENSMUSG00000026117,ENSMUSG00000029363,ENSMUSG00000029468,ENSMUSG00000030609,ENSMUSG00000034686,ENSMUSG00000037344,ENSMUSG00000044250,ENSMUSG00000042747,ENSMUSG00000034652,ENSMUSG00000045232,ENSMUSG00000041075,ENSMUSG00000044674,ENSMUSG00000038633,ENSMUSG00000060147,ENSMUSG00000057530,ENSMUSG00000079357,,
ENSMUSG00000024048,ENSMUSG00000026156,ENSMUSG00000029388,ENSMUSG00000029501,ENSMUSG00000030739,ENSMUSG00000034765,ENSMUSG00000037991,ENSMUSG00000044770,ENSMUSG00000042770,ENSMUSG00000034947,ENSMUSG00000045237,ENSMUSG00000041396,ENSMUSG00000045411,ENSMUSG00000039131,ENSMUSG00000061397,ENSMUSG00000058881,ENSMUSG00000079547,,
ENSMUSG00000024158,ENSMUSG00000026347,ENSMUSG00000029705,ENSMUSG00000029502,ENSMUSG00000030748,ENSMUSG00000034810,ENSMUSG00000038256,ENSMUSG00000044783,ENSMUSG00000043621,ENSMUSG00000034957,ENSMUSG00000045362,ENSMUSG00000041415,ENSMUSG00000045827,ENSMUSG00000039633,ENSMUSG00000061436,ENSMUSG00000060166,ENSMUSG00000089669,,
ENSMUSG00000024194,ENSMUSG00000026399,ENSMUSG00000029915,ENSMUSG00000030104,ENSMUSG00000030830,ENSMUSG00000034903,ENSMUSG00000038463,ENSMUSG00000045103,ENSMUSG00000043633,ENSMUSG00000035227,ENSMUSG00000045751,ENSMUSG00000041440,ENSMUSG00000046562,ENSMUSG00000039691,ENSMUSG00000061815,ENSMUSG00000060600,ENSMUSG00000095028,,
ENSMUSG00000024218,ENSMUSG00000026475,ENSMUSG00000029919,ENSMUSG00000030123,ENSMUSG00000031028,ENSMUSG00000035112,ENSMUSG00000038524,ENSMUSG00000045730,ENSMUSG00000045502,ENSMUSG00000036594,ENSMUSG00000046034,ENSMUSG00000041607,ENSMUSG00000046733,ENSMUSG00000040044,ENSMUSG00000061825,ENSMUSG00000061589,ENSMUSG00000095788,,
ENSMUSG00000024286,ENSMUSG00000026576,ENSMUSG00000030117,ENSMUSG00000030447,ENSMUSG00000031386,ENSMUSG00000035161,ENSMUSG00000038543,ENSMUSG00000046798,ENSMUSG00000045795,ENSMUSG00000036748,ENSMUSG00000046591,ENSMUSG00000041638,ENSMUSG00000047712,ENSMUSG00000040188,ENSMUSG00000062028,ENSMUSG00000062070,,,
ENSMUSG00000024349,ENSMUSG00000026581,ENSMUSG00000030206,ENSMUSG00000030528,ENSMUSG00000031488,ENSMUSG00000035638,ENSMUSG00000038861,ENSMUSG00000048264,ENSMUSG00000046223,ENSMUSG00000036820,ENSMUSG00000047281,ENSMUSG00000041977,ENSMUSG00000047810,ENSMUSG00000040747,ENSMUSG00000062515,ENSMUSG00000063234,,,
ENSMUSG00000024387,ENSMUSG00000026639,ENSMUSG00000030214,ENSMUSG00000030745,ENSMUSG00000031709,ENSMUSG00000035873,ENSMUSG00000039804,ENSMUSG00000048581,ENSMUSG00000047963,ENSMUSG00000037062,ENSMUSG00000048445,ENSMUSG00000042046,ENSMUSG00000048498,ENSMUSG00000040957,ENSMUSG00000064147,ENSMUSG00000063354,,,
ENSMUSG00000024436,ENSMUSG00000026778,ENSMUSG00000030246,ENSMUSG00000031015,ENSMUSG00000031822,ENSMUSG00000036106,ENSMUSG00000039911,ENSMUSG00000048647,ENSMUSG00000049624,ENSMUSG00000037197,ENSMUSG00000048480,ENSMUSG00000042250,ENSMUSG00000048852,ENSMUSG00000042167,ENSMUSG00000067148,ENSMUSG00000063952,,,
ENSMUSG00000024535,ENSMUSG00000026835,ENSMUSG00000030554,ENSMUSG00000031216,ENSMUSG00000031823,ENSMUSG00000036158,ENSMUSG00000040212,ENSMUSG00000048834,ENSMUSG00000049848,ENSMUSG00000038167,ENSMUSG00000049093,ENSMUSG00000042535,ENSMUSG00000049313,ENSMUSG00000042228,ENSMUSG00000069633,ENSMUSG00000064065,,,
ENSMUSG00000024537,ENSMUSG00000027068,ENSMUSG00000030662,ENSMUSG00000031328,ENSMUSG00000031862,ENSMUSG00000036270,ENSMUSG00000040483,ENSMUSG00000049536,ENSMUSG00000050188,ENSMUSG00000038642,ENSMUSG00000049532,ENSMUSG00000042761,ENSMUSG00000050737,ENSMUSG00000042354,ENSMUSG00000070873,ENSMUSG00000066456,,,
ENSMUSG00000024668,ENSMUSG00000027134,ENSMUSG00000030670,ENSMUSG00000031442,ENSMUSG00000032175,ENSMUSG00000036529,ENSMUSG00000040511,ENSMUSG00000049577,ENSMUSG00000050390,ENSMUSG00000038872,ENSMUSG00000049929,ENSMUSG00000043873,ENSMUSG00000050914,ENSMUSG00000044018,ENSMUSG00000071604,ENSMUSG00000070305,,,
ENSMUSG00000024725,ENSMUSG00000027360,ENSMUSG00000030774,ENSMUSG00000031453,ENSMUSG00000032285,ENSMUSG00000037031,ENSMUSG00000040616,ENSMUSG00000049676,ENSMUSG00000052962,ENSMUSG00000038965,ENSMUSG00000050014,ENSMUSG00000043940,ENSMUSG00000051375,ENSMUSG00000049047,ENSMUSG00000072596,ENSMUSG00000070691,,,
ENSMUSG00000024735,ENSMUSG00000027368,ENSMUSG00000030844,ENSMUSG00000031520,ENSMUSG00000032440,ENSMUSG00000037071,ENSMUSG00000040659,ENSMUSG00000049957,ENSMUSG00000053040,ENSMUSG00000039067,ENSMUSG00000050957,ENSMUSG00000044005,ENSMUSG00000053754,ENSMUSG00000051412,ENSMUSG00000079418,ENSMUSG00000073491,,,
ENSMUSG00000024829,ENSMUSG00000027456,ENSMUSG00000031077,ENSMUSG00000031827,ENSMUSG00000032480,ENSMUSG00000037129,ENSMUSG00000040722,ENSMUSG00000050103,ENSMUSG00000054312,ENSMUSG00000039221,ENSMUSG00000051236,ENSMUSG00000044308,ENSMUSG00000054720,ENSMUSG00000053119,ENSMUSG00000079445,ENSMUSG00000091649,,,
ENSMUSG00000024935,ENSMUSG00000027636,ENSMUSG00000031214,ENSMUSG00000031835,ENSMUSG00000032536,ENSMUSG00000037400,ENSMUSG00000040907,ENSMUSG00000050199,ENSMUSG00000054863,ENSMUSG00000039427,ENSMUSG00000052565,ENSMUSG00000044364,ENSMUSG00000054855,ENSMUSG00000054079,ENSMUSG00000089665,ENSMUSG00000095325,,,
ENSMUSG00000024962,ENSMUSG00000027656,ENSMUSG00000031360,ENSMUSG00000031889,ENSMUSG00000032595,ENSMUSG00000037463,ENSMUSG00000041498,ENSMUSG00000050271,ENSMUSG00000055835,ENSMUSG00000039682,ENSMUSG00000052942,ENSMUSG00000046185,ENSMUSG00000056537,ENSMUSG00000056770,ENSMUSG00000090799,ENSMUSG00000097271,,,
ENSMUSG00000025036,ENSMUSG00000028071,ENSMUSG00000031467,ENSMUSG00000032249,ENSMUSG00000032596,ENSMUSG00000037486,ENSMUSG00000041827,ENSMUSG00000050471,ENSMUSG00000056501,ENSMUSG00000039745,ENSMUSG00000053310,ENSMUSG00000046862,ENSMUSG00000056724,ENSMUSG00000057497,ENSMUSG00000098176,,,,
ENSMUSG00000025068,ENSMUSG00000028073,ENSMUSG00000031497,ENSMUSG00000032305,ENSMUSG00000033088,ENSMUSG00000037761,ENSMUSG00000041859,ENSMUSG00000050530,ENSMUSG00000057135,ENSMUSG00000039887,ENSMUSG00000054728,ENSMUSG00000047248,ENSMUSG00000057133,ENSMUSG00000057561,ENSMUSG00000098678,,,,
ENSMUSG00000025351,ENSMUSG00000028392,ENSMUSG00000031639,ENSMUSG00000032333,ENSMUSG00000033253,ENSMUSG00000038058,ENSMUSG00000042178,ENSMUSG00000051586,ENSMUSG00000057895,ENSMUSG00000040528,ENSMUSG00000055027,ENSMUSG00000048218,ENSMUSG00000057948,ENSMUSG00000058258,ENSMUSG00000113450,,,,
ENSMUSG00000025364,ENSMUSG00000028435,ENSMUSG00000031907,ENSMUSG00000032370,ENSMUSG00000033565,ENSMUSG00000038119,ENSMUSG00000042190,ENSMUSG00000052117,ENSMUSG00000058317,ENSMUSG00000041355,ENSMUSG00000055322,ENSMUSG00000049323,ENSMUSG00000061414,ENSMUSG00000062373,,,,,
ENSMUSG00000025374,ENSMUSG00000028454,ENSMUSG00000031988,ENSMUSG00000032386,ENSMUSG00000033632,ENSMUSG00000038582,ENSMUSG00000042213,ENSMUSG00000052833,ENSMUSG00000058833,ENSMUSG00000041488,ENSMUSG00000056054,ENSMUSG00000050890,ENSMUSG00000064145,ENSMUSG00000062861,,,,,
ENSMUSG00000025499,ENSMUSG00000028460,ENSMUSG00000032076,ENSMUSG00000032561,ENSMUSG00000033900,ENSMUSG00000038644,ENSMUSG00000042349,ENSMUSG00000053091,ENSMUSG00000060550,ENSMUSG00000041926,ENSMUSG00000056598,ENSMUSG00000050965,ENSMUSG00000067377,ENSMUSG00000068039,,,,,
ENSMUSG00000025525,ENSMUSG00000028476,ENSMUSG00000032092,ENSMUSG00000032612,ENSMUSG00000034022,ENSMUSG00000038831,ENSMUSG00000043230,ENSMUSG00000053453,ENSMUSG00000060802,ENSMUSG00000042705,ENSMUSG00000058297,ENSMUSG00000052085,ENSMUSG00000070000,ENSMUSG00000068882,,,,,
ENSMUSG00000025538,ENSMUSG00000028514,ENSMUSG00000032235,ENSMUSG00000032788,ENSMUSG00000034075,ENSMUSG00000038855,ENSMUSG00000044350,ENSMUSG00000053964,ENSMUSG00000060923,ENSMUSG00000043091,ENSMUSG00000058351,ENSMUSG00000052563,ENSMUSG00000070661,ENSMUSG00000073774,,,,,
ENSMUSG00000025578,ENSMUSG00000028862,ENSMUSG00000032320,ENSMUSG00000032812,ENSMUSG00000034247,ENSMUSG00000039153,ENSMUSG00000044367,ENSMUSG00000054422,ENSMUSG00000061482,ENSMUSG00000044148,ENSMUSG00000058626,ENSMUSG00000054008,ENSMUSG00000070738,ENSMUSG00000074802,,,,,
ENSMUSG00000025794,ENSMUSG00000029121,ENSMUSG00000032344,ENSMUSG00000032834,ENSMUSG00000034525,ENSMUSG00000039159,ENSMUSG00000045319,ENSMUSG00000055044,ENSMUSG00000062202,ENSMUSG00000044811,ENSMUSG00000059463,ENSMUSG00000054942,ENSMUSG00000071176,ENSMUSG00000075610,,,,,
ENSMUSG00000025817,ENSMUSG00000029178,ENSMUSG00000032497,ENSMUSG00000032911,ENSMUSG00000034863,ENSMUSG00000039470,ENSMUSG00000045348,ENSMUSG00000056313,ENSMUSG00000062352,ENSMUSG00000045594,ENSMUSG00000059851,ENSMUSG00000055067,ENSMUSG00000074102,ENSMUSG00000076432,,,,,
ENSMUSG00000025868,ENSMUSG00000029287,ENSMUSG00000032514,ENSMUSG00000033032,ENSMUSG00000034898,ENSMUSG00000039521,ENSMUSG00000045763,ENSMUSG00000056498,ENSMUSG00000063065,ENSMUSG00000046323,ENSMUSG00000060376,ENSMUSG00000057176,ENSMUSG00000074272,ENSMUSG00000095930,,,,,
ENSMUSG00000025869,ENSMUSG00000029343,ENSMUSG00000032850,ENSMUSG00000033039,ENSMUSG00000034917,ENSMUSG00000039656,ENSMUSG00000045980,ENSMUSG00000056708,ENSMUSG00000067847,ENSMUSG00000046675,ENSMUSG00000060935,ENSMUSG00000058013,ENSMUSG00000078566,,,,,,
ENSMUSG00000025888,ENSMUSG00000029512,ENSMUSG00000033066,ENSMUSG00000033075,ENSMUSG00000035007,ENSMUSG00000039814,ENSMUSG00000047632,ENSMUSG00000057722,ENSMUSG00000068205,ENSMUSG00000048779,ENSMUSG00000061740,ENSMUSG00000058761,ENSMUSG00000078810,,,,,,
ENSMUSG00000026087,ENSMUSG00000029513,ENSMUSG00000033228,ENSMUSG00000033124,ENSMUSG00000035107,ENSMUSG00000039967,ENSMUSG00000048497,ENSMUSG00000058022,ENSMUSG00000070394,ENSMUSG00000051435,ENSMUSG00000062148,ENSMUSG00000059288,ENSMUSG00000092118,,,,,,
ENSMUSG00000026126,ENSMUSG00000029530,ENSMUSG00000033628,ENSMUSG00000033255,ENSMUSG00000035168,ENSMUSG00000040488,ENSMUSG00000049723,ENSMUSG00000058435,ENSMUSG00000070524,ENSMUSG00000051579,ENSMUSG00000064141,ENSMUSG00000059713,ENSMUSG00000105504,,,,,,
ENSMUSG00000026192,ENSMUSG00000029603,ENSMUSG00000034342,ENSMUSG00000033790,ENSMUSG00000035206,ENSMUSG00000040502,ENSMUSG00000049939,ENSMUSG00000059401,ENSMUSG00000070529,ENSMUSG00000051736,ENSMUSG00000064307,ENSMUSG00000061130,ENSMUSG00000116165,,,,,,
ENSMUSG00000026238,ENSMUSG00000029710,ENSMUSG00000034361,ENSMUSG00000033904,ENSMUSG00000035596,ENSMUSG00000041189,ENSMUSG00000050132,ENSMUSG00000059878,ENSMUSG00000071014,ENSMUSG00000051864,ENSMUSG00000066800,ENSMUSG00000062234,,,,,,,
ENSMUSG00000026358,ENSMUSG00000030029,ENSMUSG00000034674,ENSMUSG00000034088,ENSMUSG00000035673,ENSMUSG00000041608,ENSMUSG00000051498,ENSMUSG00000061013,ENSMUSG00000071654,ENSMUSG00000052776,ENSMUSG00000066892,ENSMUSG00000062901,,,,,,,
ENSMUSG00000026374,ENSMUSG00000030114,ENSMUSG00000034709,ENSMUSG00000034220,ENSMUSG00000035711,ENSMUSG00000041794,ENSMUSG00000051510,ENSMUSG00000061039,ENSMUSG00000072620,ENSMUSG00000058006,ENSMUSG00000068206,ENSMUSG00000063488,,,,,,,
ENSMUSG00000026426,ENSMUSG00000030247,ENSMUSG00000035273,ENSMUSG00000034354,ENSMUSG00000035900,ENSMUSG00000041954,ENSMUSG00000052616,ENSMUSG00000061411,ENSMUSG00000072812,ENSMUSG00000059772,ENSMUSG00000068744,ENSMUSG00000066571,,,,,,,
ENSMUSG00000026456,ENSMUSG00000030336,ENSMUSG00000035352,ENSMUSG00000035024,ENSMUSG00000036281,ENSMUSG00000042807,ENSMUSG00000055720,ENSMUSG00000061859,ENSMUSG00000072955,ENSMUSG00000060063,ENSMUSG00000071202,ENSMUSG00000070369,,,,,,,
ENSMUSG00000026458,ENSMUSG00000030382,ENSMUSG00000035373,ENSMUSG00000035049,ENSMUSG00000036553,ENSMUSG00000043099,ENSMUSG00000057766,ENSMUSG00000062101,ENSMUSG00000073409,ENSMUSG00000060260,ENSMUSG00000072572,ENSMUSG00000071054,,,,,,,
ENSMUSG00000026525,ENSMUSG00000030410,ENSMUSG00000035385,ENSMUSG00000035085,ENSMUSG00000036661,ENSMUSG00000043631,ENSMUSG00000058672,ENSMUSG00000062110,ENSMUSG00000073457,ENSMUSG00000060586,ENSMUSG00000074227,ENSMUSG00000071064,,,,,,,
ENSMUSG00000026526,ENSMUSG00000030468,ENSMUSG00000035783,ENSMUSG00000035181,ENSMUSG00000036737,ENSMUSG00000043909,ENSMUSG00000058729,ENSMUSG00000063275,ENSMUSG00000073494,ENSMUSG00000063694,ENSMUSG00000074899,ENSMUSG00000073557,,,,,,,
ENSMUSG00000026727,ENSMUSG00000030516,ENSMUSG00000035852,ENSMUSG00000035208,ENSMUSG00000036893,ENSMUSG00000043924,ENSMUSG00000061132,ENSMUSG00000063531,ENSMUSG00000073768,ENSMUSG00000066152,ENSMUSG00000075015,ENSMUSG00000085684,,,,,,,
ENSMUSG00000026730,ENSMUSG00000030583,ENSMUSG00000035953,ENSMUSG00000035547,ENSMUSG00000037003,ENSMUSG00000044229,ENSMUSG00000062783,ENSMUSG00000063838,ENSMUSG00000074417,ENSMUSG00000066979,ENSMUSG00000075289,ENSMUSG00000090946,,,,,,,
ENSMUSG00000026750,ENSMUSG00000030616,ENSMUSG00000036151,ENSMUSG00000035614,ENSMUSG00000037020,ENSMUSG00000044320,ENSMUSG00000063172,ENSMUSG00000067768,ENSMUSG00000074419,ENSMUSG00000070476,ENSMUSG00000078773,ENSMUSG00000091474,,,,,,,
ENSMUSG00000026887,ENSMUSG00000030688,ENSMUSG00000036323,ENSMUSG00000035891,ENSMUSG00000037519,ENSMUSG00000044348,ENSMUSG00000063558,ENSMUSG00000069763,ENSMUSG00000074576,ENSMUSG00000070520,ENSMUSG00000079478,,,,,,,,
ENSMUSG00000026946,ENSMUSG00000030724,ENSMUSG00000036887,ENSMUSG00000035914,ENSMUSG00000038126,ENSMUSG00000044433,ENSMUSG00000066150,ENSMUSG00000070544,ENSMUSG00000075467,ENSMUSG00000070713,ENSMUSG00000081058,,,,,,,,
ENSMUSG00000026970,ENSMUSG00000030733,ENSMUSG00000036896,ENSMUSG00000036155,ENSMUSG00000038127,ENSMUSG00000044551,ENSMUSG00000066684,ENSMUSG00000070568,ENSMUSG00000075486,ENSMUSG00000070934,ENSMUSG00000090231,,,,,,,,
ENSMUSG00000026974,ENSMUSG00000030742,ENSMUSG00000036905,ENSMUSG00000036550,ENSMUSG00000038181,ENSMUSG00000045777,ENSMUSG00000066975,ENSMUSG00000070803,ENSMUSG00000075705,ENSMUSG00000073987,ENSMUSG00000105096,,,,,,,,
ENSMUSG00000027166,ENSMUSG00000030775,ENSMUSG00000036916,ENSMUSG00000036606,ENSMUSG00000038429,ENSMUSG00000045983,ENSMUSG00000068551,ENSMUSG00000071537,ENSMUSG00000078572,ENSMUSG00000076433,ENSMUSG00000109293,,,,,,,,
ENSMUSG00000027170,ENSMUSG00000030798,ENSMUSG00000037706,ENSMUSG00000036928,ENSMUSG00000038540,ENSMUSG00000046532,ENSMUSG00000068745,ENSMUSG00000072066,ENSMUSG00000079334,ENSMUSG00000076435,,,,,,,,,
ENSMUSG00000027206,ENSMUSG00000030960,ENSMUSG00000038059,ENSMUSG00000037108,ENSMUSG00000038604,ENSMUSG00000046668,ENSMUSG00000069662,ENSMUSG00000072770,ENSMUSG00000079523,ENSMUSG00000078941,,,,,,,,,
ENSMUSG00000027406,ENSMUSG00000031132,ENSMUSG00000038332,ENSMUSG00000037315,ENSMUSG00000038611,ENSMUSG00000046691,ENSMUSG00000069792,ENSMUSG00000073125,ENSMUSG00000079845,ENSMUSG00000079477,,,,,,,,,
ENSMUSG00000027435,ENSMUSG00000031155,ENSMUSG00000038390,ENSMUSG00000037419,ENSMUSG00000038615,ENSMUSG00000047036,ENSMUSG00000070327,ENSMUSG00000073418,ENSMUSG00000087687,ENSMUSG00000079562,,,,,,,,,
ENSMUSG00000027534,ENSMUSG00000031389,ENSMUSG00000038975,ENSMUSG00000037461,ENSMUSG00000038886,ENSMUSG00000047363,ENSMUSG00000070348,ENSMUSG00000073490,ENSMUSG00000093803,ENSMUSG00000097328,,,,,,,,,
ENSMUSG00000027673,ENSMUSG00000031428,ENSMUSG00000039007,ENSMUSG00000037470,ENSMUSG00000038970,ENSMUSG00000047767,ENSMUSG00000070427,ENSMUSG00000074342,ENSMUSG00000096255,ENSMUSG00000101892,,,,,,,,,
ENSMUSG00000027935,ENSMUSG00000031565,ENSMUSG00000039057,ENSMUSG00000037933,ENSMUSG00000039048,ENSMUSG00000047907,ENSMUSG00000071068,ENSMUSG00000078780,ENSMUSG00000096696,,,,,,,,,,
ENSMUSG00000027937,ENSMUSG00000031706,ENSMUSG00000039062,ENSMUSG00000038023,ENSMUSG00000039202,ENSMUSG00000049521,ENSMUSG00000072694,ENSMUSG00000079610,,,,,,,,,,,
ENSMUSG00000027940,ENSMUSG00000031858,ENSMUSG00000039115,ENSMUSG00000038179,ENSMUSG00000039230,ENSMUSG00000049739,ENSMUSG00000074006,ENSMUSG00000090110,,,,,,,,,,,
ENSMUSG00000027998,ENSMUSG00000031933,ENSMUSG00000039116,ENSMUSG00000038351,ENSMUSG00000039501,ENSMUSG00000050382,ENSMUSG00000074063,ENSMUSG00000091764,,,,,,,,,,,
ENSMUSG00000028081,ENSMUSG00000032011,ENSMUSG00000039899,ENSMUSG00000038371,ENSMUSG00000039579,ENSMUSG00000050600,ENSMUSG00000074358,ENSMUSG00000094447,,,,,,,,,,,
ENSMUSG00000028223,ENSMUSG00000032035,ENSMUSG00000040552,ENSMUSG00000038564,ENSMUSG00000039953,ENSMUSG00000050910,ENSMUSG00000093661,,,,,,,,,,,,
ENSMUSG00000028234,ENSMUSG00000032053,ENSMUSG00000040731,ENSMUSG00000039145,ENSMUSG00000039982,ENSMUSG00000051367,ENSMUSG00000094493,,,,,,,,,,,,
ENSMUSG00000028333,ENSMUSG00000032093,ENSMUSG00000040751,ENSMUSG00000039176,ENSMUSG00000040462,ENSMUSG00000051397,ENSMUSG00000108596,,,,,,,,,,,,
ENSMUSG00000028393,ENSMUSG00000032094,ENSMUSG00000040829,ENSMUSG00000039285,ENSMUSG00000040506,ENSMUSG00000052415,ENSMUSG00000117145,,,,,,,,,,,,
ENSMUSG00000028461,ENSMUSG00000032186,ENSMUSG00000040950,ENSMUSG00000039308,ENSMUSG00000040820,ENSMUSG00000052921,,,,,,,,,,,,,
ENSMUSG00000028478,ENSMUSG00000032380,ENSMUSG00000041360,ENSMUSG00000039497,ENSMUSG00000041936,ENSMUSG00000053279,,,,,,,,,,,,,
ENSMUSG00000028495,ENSMUSG00000032384,ENSMUSG00000041390,ENSMUSG00000039509,ENSMUSG00000042404,ENSMUSG00000053574,,,,,,,,,,,,,
ENSMUSG00000028573,ENSMUSG00000032446,ENSMUSG00000041891,ENSMUSG00000039621,ENSMUSG00000042524,ENSMUSG00000053641,,,,,,,,,,,,,
ENSMUSG00000028609,ENSMUSG00000032473,ENSMUSG00000042208,ENSMUSG00000039662,ENSMUSG00000042650,ENSMUSG00000054499,,,,,,,,,,,,,
ENSMUSG00000028639,ENSMUSG00000032547,ENSMUSG00000042272,ENSMUSG00000040043,ENSMUSG00000042700,ENSMUSG00000054611,,,,,,,,,,,,,
ENSMUSG00000028643,ENSMUSG00000032548,ENSMUSG00000042286,ENSMUSG00000040565,ENSMUSG00000043432,ENSMUSG00000054672,,,,,,,,,,,,,
ENSMUSG00000028656,ENSMUSG00000032688,ENSMUSG00000043300,ENSMUSG00000040687,ENSMUSG00000043541,ENSMUSG00000055102,,,,,,,,,,,,,
ENSMUSG00000028681,ENSMUSG00000032724,ENSMUSG00000044252,ENSMUSG00000040712,ENSMUSG00000044447,ENSMUSG00000055737,,,,,,,,,,,,,
ENSMUSG00000028706,ENSMUSG00000032946,ENSMUSG00000044309,ENSMUSG00000041180,ENSMUSG00000044719,ENSMUSG00000056370,,,,,,,,,,,,,
ENSMUSG00000028745,ENSMUSG00000033024,ENSMUSG00000044468,ENSMUSG00000041729,ENSMUSG00000044857,ENSMUSG00000057132,,,,,,,,,,,,,
ENSMUSG00000028798,ENSMUSG00000033107,ENSMUSG00000044827,ENSMUSG00000041781,ENSMUSG00000045252,ENSMUSG00000058093,,,,,,,,,,,,,
ENSMUSG00000028822,ENSMUSG00000033730,ENSMUSG00000045312,ENSMUSG00000041836,ENSMUSG00000046213,ENSMUSG00000058440,,,,,,,,,,,,,
ENSMUSG00000028837,ENSMUSG00000033826,ENSMUSG00000045382,ENSMUSG00000042029,ENSMUSG00000046417,ENSMUSG00000058979,,,,,,,,,,,,,
ENSMUSG00000028910,ENSMUSG00000033849,ENSMUSG00000045404,ENSMUSG00000042350,ENSMUSG00000047388,ENSMUSG00000059981,,,,,,,,,,,,,
ENSMUSG00000028932,ENSMUSG00000034164,ENSMUSG00000045625,ENSMUSG00000042444,ENSMUSG00000047731,ENSMUSG00000060572,,,,,,,,,,,,,
ENSMUSG00000028945,ENSMUSG00000034171,ENSMUSG00000045636,ENSMUSG00000042451,ENSMUSG00000047866,ENSMUSG00000061607,,,,,,,,,,,,,
ENSMUSG00000029014,ENSMUSG00000034573,ENSMUSG00000045658,ENSMUSG00000044703,ENSMUSG00000048578,ENSMUSG00000061769,,,,,,,,,,,,,
ENSMUSG00000029017,ENSMUSG00000034586,ENSMUSG00000046152,ENSMUSG00000045282,ENSMUSG00000048787,ENSMUSG00000061894,,,,,,,,,,,,,
ENSMUSG00000029130,ENSMUSG00000034634,ENSMUSG00000046186,ENSMUSG00000046062,ENSMUSG00000048911,ENSMUSG00000063382,,,,,,,,,,,,,
ENSMUSG00000029162,ENSMUSG00000035697,ENSMUSG00000046688,ENSMUSG00000047462,ENSMUSG00000048920,ENSMUSG00000063704,,,,,,,,,,,,,
ENSMUSG00000029290,ENSMUSG00000036006,ENSMUSG00000046836,ENSMUSG00000049354,ENSMUSG00000049164,ENSMUSG00000064181,,,,,,,,,,,,,
ENSMUSG00000029422,ENSMUSG00000036256,ENSMUSG00000047222,ENSMUSG00000049562,ENSMUSG00000049680,ENSMUSG00000066406,,,,,,,,,,,,,
ENSMUSG00000029465,ENSMUSG00000036882,ENSMUSG00000047592,ENSMUSG00000051339,ENSMUSG00000049690,ENSMUSG00000066621,,,,,,,,,,,,,
ENSMUSG00000029614,ENSMUSG00000037138,ENSMUSG00000047747,ENSMUSG00000051343,ENSMUSG00000051506,ENSMUSG00000066687,,,,,,,,,,,,,
ENSMUSG00000029713,ENSMUSG00000037202,ENSMUSG00000047875,ENSMUSG00000051413,ENSMUSG00000052296,ENSMUSG00000067642,,,,,,,,,,,,,
ENSMUSG00000029823,ENSMUSG00000037318,ENSMUSG00000048087,ENSMUSG00000052364,ENSMUSG00000052609,ENSMUSG00000068735,,,,,,,,,,,,,
ENSMUSG00000030042,ENSMUSG00000037754,ENSMUSG00000048120,ENSMUSG00000052488,ENSMUSG00000054046,ENSMUSG00000069094,,,,,,,,,,,,,
ENSMUSG00000030122,ENSMUSG00000037852,ENSMUSG00000049130,ENSMUSG00000052533,ENSMUSG00000054874,ENSMUSG00000069237,,,,,,,,,,,,,
ENSMUSG00000030335,ENSMUSG00000037922,ENSMUSG00000050578,ENSMUSG00000053436,ENSMUSG00000055670,ENSMUSG00000069892,,,,,,,,,,,,,
ENSMUSG00000030512,ENSMUSG00000037979,ENSMUSG00000050777,ENSMUSG00000053510,ENSMUSG00000055707,ENSMUSG00000069893,,,,,,,,,,,,,
ENSMUSG00000030538,ENSMUSG00000037999,ENSMUSG00000051615,ENSMUSG00000056153,ENSMUSG00000056763,ENSMUSG00000070570,,,,,,,,,,,,,
ENSMUSG00000030579,ENSMUSG00000038421,ENSMUSG00000051906,ENSMUSG00000056999,ENSMUSG00000057101,ENSMUSG00000070733,,,,,,,,,,,,,
ENSMUSG00000030591,ENSMUSG00000038637,ENSMUSG00000051969,ENSMUSG00000057894,ENSMUSG00000057738,ENSMUSG00000071645,,,,,,,,,,,,,
ENSMUSG00000030652,ENSMUSG00000039157,ENSMUSG00000052102,ENSMUSG00000058056,ENSMUSG00000059447,ENSMUSG00000073434,,,,,,,,,,,,,
ENSMUSG00000030725,ENSMUSG00000039167,ENSMUSG00000052160,ENSMUSG00000059890,ENSMUSG00000061731,ENSMUSG00000074221,,,,,,,,,,,,,
ENSMUSG00000030744,ENSMUSG00000039196,ENSMUSG00000052997,ENSMUSG00000060862,ENSMUSG00000062464,ENSMUSG00000074657,,,,,,,,,,,,,
ENSMUSG00000030785,ENSMUSG00000039264,ENSMUSG00000053477,ENSMUSG00000061972,ENSMUSG00000066306,ENSMUSG00000074796,,,,,,,,,,,,,
ENSMUSG00000030793,ENSMUSG00000039347,ENSMUSG00000055053,ENSMUSG00000063077,ENSMUSG00000068747,ENSMUSG00000078676,,,,,,,,,,,,,
ENSMUSG00000030842,ENSMUSG00000039686,ENSMUSG00000055319,ENSMUSG00000064246,ENSMUSG00000069729,ENSMUSG00000078783,,,,,,,,,,,,,
ENSMUSG00000030846,ENSMUSG00000039754,ENSMUSG00000055538,ENSMUSG00000066595,ENSMUSG00000071103,ENSMUSG00000078817,,,,,,,,,,,,,
ENSMUSG00000030869,ENSMUSG00000040054,ENSMUSG00000055541,ENSMUSG00000068015,ENSMUSG00000072082,ENSMUSG00000078926,,,,,,,,,,,,,
ENSMUSG00000031029,ENSMUSG00000040247,ENSMUSG00000056124,ENSMUSG00000068299,ENSMUSG00000072825,ENSMUSG00000080268,,,,,,,,,,,,,
ENSMUSG00000031221,ENSMUSG00000040447,ENSMUSG00000056131,ENSMUSG00000068394,ENSMUSG00000073436,ENSMUSG00000090394,,,,,,,,,,,,,
ENSMUSG00000031320,ENSMUSG00000040459,ENSMUSG00000056216,ENSMUSG00000068854,ENSMUSG00000074151,ENSMUSG00000095105,,,,,,,,,,,,,
ENSMUSG00000031387,ENSMUSG00000040592,ENSMUSG00000056367,ENSMUSG00000069830,ENSMUSG00000074811,ENSMUSG00000095432,,,,,,,,,,,,,
ENSMUSG00000031570,ENSMUSG00000040663,ENSMUSG00000056515,ENSMUSG00000079487,ENSMUSG00000090077,ENSMUSG00000098488,,,,,,,,,,,,,
ENSMUSG00000031578,ENSMUSG00000040723,ENSMUSG00000056529,ENSMUSG00000089872,ENSMUSG00000115388,,,,,,,,,,,,,,
ENSMUSG00000031712,ENSMUSG00000040899,ENSMUSG00000058818,ENSMUSG00000090626,,,,,,,,,,,,,,,
ENSMUSG00000031813,ENSMUSG00000040940,ENSMUSG00000059479,ENSMUSG00000093954,,,,,,,,,,,,,,,
ENSMUSG00000031848,ENSMUSG00000041132,ENSMUSG00000060771,ENSMUSG00000095687,,,,,,,,,,,,,,,
ENSMUSG00000031897,ENSMUSG00000041187,ENSMUSG00000061175,ENSMUSG00000099655,,,,,,,,,,,,,,,
ENSMUSG00000032002,ENSMUSG00000041247,ENSMUSG00000062270,,,,,,,,,,,,,,,,
ENSMUSG00000032067,ENSMUSG00000041272,ENSMUSG00000062545,,,,,,,,,,,,,,,,
ENSMUSG00000032239,ENSMUSG00000041538,ENSMUSG00000063015,,,,,,,,,,,,,,,,
ENSMUSG00000032288,ENSMUSG00000041577,ENSMUSG00000063193,,,,,,,,,,,,,,,,
ENSMUSG00000032301,ENSMUSG00000041642,ENSMUSG00000063506,,,,,,,,,,,,,,,,
ENSMUSG00000032342,ENSMUSG00000041831,ENSMUSG00000064254,,,,,,,,,,,,,,,,
ENSMUSG00000032399,ENSMUSG00000042345,ENSMUSG00000068923,,,,,,,,,,,,,,,,
ENSMUSG00000032478,ENSMUSG00000042379,ENSMUSG00000069520,,,,,,,,,,,,,,,,
ENSMUSG00000032518,ENSMUSG00000042385,ENSMUSG00000071324,,,,,,,,,,,,,,,,
ENSMUSG00000032551,ENSMUSG00000042474,ENSMUSG00000071723,,,,,,,,,,,,,,,,
ENSMUSG00000032563,ENSMUSG00000042514,ENSMUSG00000072115,,,,,,,,,,,,,,,,
ENSMUSG00000032575,ENSMUSG00000042608,ENSMUSG00000073489,,,,,,,,,,,,,,,,
ENSMUSG00000032643,ENSMUSG00000042744,ENSMUSG00000074622,,,,,,,,,,,,,,,,
ENSMUSG00000032966,ENSMUSG00000042842,ENSMUSG00000075702,,,,,,,,,,,,,,,,
ENSMUSG00000033047,ENSMUSG00000043505,ENSMUSG00000078771,,,,,,,,,,,,,,,,
ENSMUSG00000033429,ENSMUSG00000043807,ENSMUSG00000079227,,,,,,,,,,,,,,,,
ENSMUSG00000033538,ENSMUSG00000043931,ENSMUSG00000079419,,,,,,,,,,,,,,,,
ENSMUSG00000033845,ENSMUSG00000044055,ENSMUSG00000079625,,,,,,,,,,,,,,,,
ENSMUSG00000033880,ENSMUSG00000044103,ENSMUSG00000089942,,,,,,,,,,,,,,,,
ENSMUSG00000034024,ENSMUSG00000044167,ENSMUSG00000091337,,,,,,,,,,,,,,,,
ENSMUSG00000034118,ENSMUSG00000044199,ENSMUSG00000091803,,,,,,,,,,,,,,,,
ENSMUSG00000034566,ENSMUSG00000044258,ENSMUSG00000092349,,,,,,,,,,,,,,,,
ENSMUSG00000034880,ENSMUSG00000044465,ENSMUSG00000092413,,,,,,,,,,,,,,,,
ENSMUSG00000034993,ENSMUSG00000044791,ENSMUSG00000096433,,,,,,,,,,,,,,,,
ENSMUSG00000035284,ENSMUSG00000045007,ENSMUSG00000099398,,,,,,,,,,,,,,,,
ENSMUSG00000035376,ENSMUSG00000045087,ENSMUSG00000100210,,,,,,,,,,,,,,,,
ENSMUSG00000035443,ENSMUSG00000045441,,,,,,,,,,,,,,,,,
ENSMUSG00000035505,ENSMUSG00000045954,,,,,,,,,,,,,,,,,
ENSMUSG00000035601,ENSMUSG00000047146,,,,,,,,,,,,,,,,,
ENSMUSG00000035704,ENSMUSG00000047344,,,,,,,,,,,,,,,,,
ENSMUSG00000035781,ENSMUSG00000047415,,,,,,,,,,,,,,,,,
ENSMUSG00000035845,ENSMUSG00000047507,,,,,,,,,,,,,,,,,
ENSMUSG00000035885,ENSMUSG00000047867,,,,,,,,,,,,,,,,,
ENSMUSG00000035929,ENSMUSG00000047880,,,,,,,,,,,,,,,,,
ENSMUSG00000036114,ENSMUSG00000048251,,,,,,,,,,,,,,,,,
ENSMUSG00000036371,ENSMUSG00000048376,,,,,,,,,,,,,,,,,
ENSMUSG00000036632,ENSMUSG00000048521,,,,,,,,,,,,,,,,,
ENSMUSG00000036856,ENSMUSG00000050106,,,,,,,,,,,,,,,,,
ENSMUSG00000036894,ENSMUSG00000050147,,,,,,,,,,,,,,,,,
ENSMUSG00000037152,ENSMUSG00000050232,,,,,,,,,,,,,,,,,
ENSMUSG00000037437,ENSMUSG00000050357,,,,,,,,,,,,,,,,,
ENSMUSG00000037499,ENSMUSG00000050423,,,,,,,,,,,,,,,,,
ENSMUSG00000037649,ENSMUSG00000050592,,,,,,,,,,,,,,,,,
ENSMUSG00000037740,ENSMUSG00000050921,,,,,,,,,,,,,,,,,
ENSMUSG00000037742,ENSMUSG00000050994,,,,,,,,,,,,,,,,,
ENSMUSG00000038060,ENSMUSG00000051022,,,,,,,,,,,,,,,,,
ENSMUSG00000038510,ENSMUSG00000051111,,,,,,,,,,,,,,,,,
ENSMUSG00000038622,ENSMUSG00000051124,,,,,,,,,,,,,,,,,
ENSMUSG00000038740,ENSMUSG00000051354,,,,,,,,,,,,,,,,,
ENSMUSG00000038812,ENSMUSG00000051359,,,,,,,,,,,,,,,,,
ENSMUSG00000039018,ENSMUSG00000051682,,,,,,,,,,,,,,,,,
ENSMUSG00000039208,ENSMUSG00000051998,,,,,,,,,,,,,,,,,
ENSMUSG00000039648,ENSMUSG00000052013,,,,,,,,,,,,,,,,,
ENSMUSG00000040034,ENSMUSG00000052142,,,,,,,,,,,,,,,,,
ENSMUSG00000040177,ENSMUSG00000052305,,,,,,,,,,,,,,,,,
ENSMUSG00000040269,ENSMUSG00000052374,,,,,,,,,,,,,,,,,
ENSMUSG00000040824,ENSMUSG00000052749,,,,,,,,,,,,,,,,,
ENSMUSG00000040883,ENSMUSG00000053044,,,,,,,,,,,,,,,,,
ENSMUSG00000041084,ENSMUSG00000053137,,,,,,,,,,,,,,,,,
ENSMUSG00000041346,ENSMUSG00000053411,,,,,,,,,,,,,,,,,
ENSMUSG00000041351,ENSMUSG00000053560,,,,,,,,,,,,,,,,,
ENSMUSG00000041426,ENSMUSG00000053977,,,,,,,,,,,,,,,,,
ENSMUSG00000041684,ENSMUSG00000054065,,,,,,,,,,,,,,,,,
ENSMUSG00000041959,ENSMUSG00000054387,,,,,,,,,,,,,,,,,
ENSMUSG00000042133,ENSMUSG00000054435,,,,,,,,,,,,,,,,,
ENSMUSG00000042406,ENSMUSG00000054892,,,,,,,,,,,,,,,,,
ENSMUSG00000042712,ENSMUSG00000055170,,,,,,,,,,,,,,,,,
ENSMUSG00000043716,ENSMUSG00000055629,,,,,,,,,,,,,,,,,
ENSMUSG00000044408,ENSMUSG00000055675,,,,,,,,,,,,,,,,,
ENSMUSG00000044533,ENSMUSG00000056290,,,,,,,,,,,,,,,,,
ENSMUSG00000045106,ENSMUSG00000056917,,,,,,,,,,,,,,,,,
ENSMUSG00000045273,ENSMUSG00000057058,,,,,,,,,,,,,,,,,
ENSMUSG00000045466,ENSMUSG00000057098,,,,,,,,,,,,,,,,,
ENSMUSG00000045503,ENSMUSG00000057193,,,,,,,,,,,,,,,,,
ENSMUSG00000046006,ENSMUSG00000057729,,,,,,,,,,,,,,,,,
ENSMUSG00000046032,ENSMUSG00000058318,,,,,,,,,,,,,,,,,
ENSMUSG00000046330,ENSMUSG00000059142,,,,,,,,,,,,,,,,,
ENSMUSG00000046718,ENSMUSG00000059146,,,,,,,,,,,,,,,,,
ENSMUSG00000046873,ENSMUSG00000059810,,,,,,,,,,,,,,,,,
ENSMUSG00000047115,ENSMUSG00000059901,,,,,,,,,,,,,,,,,
ENSMUSG00000047123,ENSMUSG00000062007,,,,,,,,,,,,,,,,,
ENSMUSG00000047205,ENSMUSG00000062115,,,,,,,,,,,,,,,,,
ENSMUSG00000047215,ENSMUSG00000062524,,,,,,,,,,,,,,,,,
ENSMUSG00000047515,ENSMUSG00000062778,,,,,,,,,,,,,,,,,
ENSMUSG00000047591,ENSMUSG00000062939,,,,,,,,,,,,,,,,,
ENSMUSG00000047675,ENSMUSG00000062995,,,,,,,,,,,,,,,,,
ENSMUSG00000047714,ENSMUSG00000063268,,,,,,,,,,,,,,,,,
ENSMUSG00000048701,ENSMUSG00000064023,,,,,,,,,,,,,,,,,
ENSMUSG00000049299,ENSMUSG00000064262,,,,,,,,,,,,,,,,,
ENSMUSG00000049670,ENSMUSG00000064351,,,,,,,,,,,,,,,,,
ENSMUSG00000050335,ENSMUSG00000066440,,,,,,,,,,,,,,,,,
ENSMUSG00000050493,ENSMUSG00000066677,,,,,,,,,,,,,,,,,
ENSMUSG00000050552,ENSMUSG00000066877,,,,,,,,,,,,,,,,,
ENSMUSG00000050608,ENSMUSG00000067206,,,,,,,,,,,,,,,,,
ENSMUSG00000050628,ENSMUSG00000067235,,,,,,,,,,,,,,,,,
ENSMUSG00000051118,ENSMUSG00000067297,,,,,,,,,,,,,,,,,
ENSMUSG00000051319,ENSMUSG00000068105,,,,,,,,,,,,,,,,,
ENSMUSG00000051518,ENSMUSG00000068227,,,,,,,,,,,,,,,,,
ENSMUSG00000051557,ENSMUSG00000069917,,,,,,,,,,,,,,,,,
ENSMUSG00000051669,ENSMUSG00000069919,,,,,,,,,,,,,,,,,
ENSMUSG00000052419,ENSMUSG00000070306,,,,,,,,,,,,,,,,,
ENSMUSG00000052456,ENSMUSG00000072294,,,,,,,,,,,,,,,,,
ENSMUSG00000052712,ENSMUSG00000072623,,,,,,,,,,,,,,,,,
ENSMUSG00000052738,ENSMUSG00000073008,,,,,,,,,,,,,,,,,
ENSMUSG00000052906,ENSMUSG00000073940,,,,,,,,,,,,,,,,,
ENSMUSG00000053030,ENSMUSG00000074071,,,,,,,,,,,,,,,,,
ENSMUSG00000053317,ENSMUSG00000074457,,,,,,,,,,,,,,,,,
ENSMUSG00000053565,ENSMUSG00000074886,,,,,,,,,,,,,,,,,
ENSMUSG00000053820,ENSMUSG00000078619,,,,,,,,,,,,,,,,,
ENSMUSG00000054364,ENSMUSG00000079563,,,,,,,,,,,,,,,,,
ENSMUSG00000054400,ENSMUSG00000079852,,,,,,,,,,,,,,,,,
ENSMUSG00000054716,ENSMUSG00000087651,,,,,,,,,,,,,,,,,
ENSMUSG00000055553,ENSMUSG00000090019,,,,,,,,,,,,,,,,,
ENSMUSG00000055762,ENSMUSG00000091144,,,,,,,,,,,,,,,,,
ENSMUSG00000056201,ENSMUSG00000103585,,,,,,,,,,,,,,,,,
ENSMUSG00000056629,ENSMUSG00000117286,,,,,,,,,,,,,,,,,
ENSMUSG00000056749,,,,,,,,,,,,,,,,,,
ENSMUSG00000056941,,,,,,,,,,,,,,,,,,
ENSMUSG00000057113,,,,,,,,,,,,,,,,,,
ENSMUSG00000057236,,,,,,,,,,,,,,,,,,
ENSMUSG00000057322,,,,,,,,,,,,,,,,,,
ENSMUSG00000057388,,,,,,,,,,,,,,,,,,
ENSMUSG00000057396,,,,,,,,,,,,,,,,,,
ENSMUSG00000057411,,,,,,,,,,,,,,,,,,
ENSMUSG00000057666,,,,,,,,,,,,,,,,,,
ENSMUSG00000057841,,,,,,,,,,,,,,,,,,
ENSMUSG00000058407,,,,,,,,,,,,,,,,,,
ENSMUSG00000058569,,,,,,,,,,,,,,,,,,
ENSMUSG00000058600,,,,,,,,,,,,,,,,,,
ENSMUSG00000059005,,,,,,,,,,,,,,,,,,
ENSMUSG00000059436,,,,,,,,,,,,,,,,,,
ENSMUSG00000059498,,,,,,,,,,,,,,,,,,
ENSMUSG00000059796,,,,,,,,,,,,,,,,,,
ENSMUSG00000059820,,,,,,,,,,,,,,,,,,
ENSMUSG00000059923,,,,,,,,,,,,,,,,,,
ENSMUSG00000060036,,,,,,,,,,,,,,,,,,
ENSMUSG00000060038,,,,,,,,,,,,,,,,,,
ENSMUSG00000060073,,,,,,,,,,,,,,,,,,
ENSMUSG00000060126,,,,,,,,,,,,,,,,,,
ENSMUSG00000060288,,,,,,,,,,,,,,,,,,
ENSMUSG00000060475,,,,,,,,,,,,,,,,,,
ENSMUSG00000060538,,,,,,,,,,,,,,,,,,
ENSMUSG00000060679,,,,,,,,,,,,,,,,,,
ENSMUSG00000060743,,,,,,,,,,,,,,,,,,
ENSMUSG00000060938,,,,,,,,,,,,,,,,,,
ENSMUSG00000061315,,,,,,,,,,,,,,,,,,
ENSMUSG00000061477,,,,,,,,,,,,,,,,,,
ENSMUSG00000061479,,,,,,,,,,,,,,,,,,
ENSMUSG00000061758,,,,,,,,,,,,,,,,,,
ENSMUSG00000062054,,,,,,,,,,,,,,,,,,
ENSMUSG00000062647,,,,,,,,,,,,,,,,,,
ENSMUSG00000062691,,,,,,,,,,,,,,,,,,
ENSMUSG00000062797,,,,,,,,,,,,,,,,,,
ENSMUSG00000062963,,,,,,,,,,,,,,,,,,
ENSMUSG00000063179,,,,,,,,,,,,,,,,,,
ENSMUSG00000063235,,,,,,,,,,,,,,,,,,
ENSMUSG00000063253,,,,,,,,,,,,,,,,,,
ENSMUSG00000063320,,,,,,,,,,,,,,,,,,
ENSMUSG00000063445,,,,,,,,,,,,,,,,,,
ENSMUSG00000063785,,,,,,,,,,,,,,,,,,
ENSMUSG00000063802,,,,,,,,,,,,,,,,,,
ENSMUSG00000064326,,,,,,,,,,,,,,,,,,
ENSMUSG00000066233,,,,,,,,,,,,,,,,,,
ENSMUSG00000067212,,,,,,,,,,,,,,,,,,
ENSMUSG00000067274,,,,,,,,,,,,,,,,,,
ENSMUSG00000067995,,,,,,,,,,,,,,,,,,
ENSMUSG00000068134,,,,,,,,,,,,,,,,,,
ENSMUSG00000068220,,,,,,,,,,,,,,,,,,
ENSMUSG00000068290,,,,,,,,,,,,,,,,,,
ENSMUSG00000068856,,,,,,,,,,,,,,,,,,
ENSMUSG00000068921,,,,,,,,,,,,,,,,,,
ENSMUSG00000069310,,,,,,,,,,,,,,,,,,
ENSMUSG00000070336,,,,,,,,,,,,,,,,,,
ENSMUSG00000070493,,,,,,,,,,,,,,,,,,
ENSMUSG00000071180,,,,,,,,,,,,,,,,,,
ENSMUSG00000071451,,,,,,,,,,,,,,,,,,
ENSMUSG00000071644,,,,,,,,,,,,,,,,,,
ENSMUSG00000071711,,,,,,,,,,,,,,,,,,
ENSMUSG00000071866,,,,,,,,,,,,,,,,,,
ENSMUSG00000072663,,,,,,,,,,,,,,,,,,
ENSMUSG00000072772,,,,,,,,,,,,,,,,,,
ENSMUSG00000072919,,,,,,,,,,,,,,,,,,
ENSMUSG00000073481,,,,,,,,,,,,,,,,,,
ENSMUSG00000073676,,,,,,,,,,,,,,,,,,
ENSMUSG00000073982,,,,,,,,,,,,,,,,,,
ENSMUSG00000074797,,,,,,,,,,,,,,,,,,
ENSMUSG00000078139,,,,,,,,,,,,,,,,,,
ENSMUSG00000078201,,,,,,,,,,,,,,,,,,
ENSMUSG00000078439,,,,,,,,,,,,,,,,,,
ENSMUSG00000078974,,,,,,,,,,,,,,,,,,
ENSMUSG00000079037,,,,,,,,,,,,,,,,,,
ENSMUSG00000079426,,,,,,,,,,,,,,,,,,
ENSMUSG00000079641,,,,,,,,,,,,,,,,,,
ENSMUSG00000081607,,,,,,,,,,,,,,,,,,
ENSMUSG00000087260,,,,,,,,,,,,,,,,,,
ENSMUSG00000089929,,,,,,,,,,,,,,,,,,
ENSMUSG00000090121,,,,,,,,,,,,,,,,,,
ENSMUSG00000090553,,,,,,,,,,,,,,,,,,
ENSMUSG00000092116,,,,,,,,,,,,,,,,,,
ENSMUSG00000092260,,,,,,,,,,,,,,,,,,
ENSMUSG00000092607,,,,,,,,,,,,,,,,,,
ENSMUSG00000107002,,,,,,,,,,,,,,,,,,
ENSMUSG00000110234,,,,,,,,,,,,,,,,,,
ENSMUSG00000115219,,,,,,,,,,,,,,,,,,
ENSMUSG00000115338,,,,,,,,,,,,,,,,,,
