category,group,size.group,size.overlap.category,size.category,Description,size.overlap.term,size.term,k.K,p.adjust,qvalue,ENTREZIDs,SYMBOLs,ENSEMBLIDs
H,both_down,1071,357,4395,HALLMARK_MITOTIC_SPINDLE,38,199,0.19095477386934673,1.5989312018145135e-5,1.4137917994991487e-5,17925/71774/13822/94176/20742/16897/16570/21973/18080/17886/30948/70799/286940/11350/18129/208628/19303/18817/192176/171207/71819/233276/226407/108903/214444/277360/16798/75786/213498/223697/20740/72333/105988/381921/16561/76707/101706/17118,Myo9b/Shroom1/Epb41l2/Dock2/Sptbn1/Llgl1/Kif3c/Top2a/Nin/Myh9/Bin1/Cep192/Flnb/Abl1/Notch2/Kntc1/Pxn/Plk1/Flna/Arhgap4/Kif23/Tubgcp5/Rab3gap1/Tbcd/Cdk5rap2/Prex1/Lats1/Ckap5/Arhgef11/Sun2/Sptan1/Palld/Espl1/Taok2/Kif1b/Clasp1/Numa1/Marcks,ENSMUSG00000004677/ENSMUSG00000018387/ENSMUSG00000019978/ENSMUSG00000020143/ENSMUSG00000020315/ENSMUSG00000020536/ENSMUSG00000020668/ENSMUSG00000020914/ENSMUSG00000021068/ENSMUSG00000022443/ENSMUSG00000024381/ENSMUSG00000024542/ENSMUSG00000025278/ENSMUSG00000026842/ENSMUSG00000027878/ENSMUSG00000029414/ENSMUSG00000029528/ENSMUSG00000030867/ENSMUSG00000031328/ENSMUSG00000031389/ENSMUSG00000032254/ENSMUSG00000033790/ENSMUSG00000036104/ENSMUSG00000039230/ENSMUSG00000039298/ENSMUSG00000039621/ENSMUSG00000040021/ENSMUSG00000040549/ENSMUSG00000041977/ENSMUSG00000042524/ENSMUSG00000057738/ENSMUSG00000058056/ENSMUSG00000058290/ENSMUSG00000059981/ENSMUSG00000063077/ENSMUSG00000064302/ENSMUSG00000066306/ENSMUSG00000069662
H,both_down,1071,357,4395,HALLMARK_HYPOXIA,28,201,0.13930348258706468,0.049048333831820265,0.043369053072346335,18591/15277/17988/20971/18451/50527/17886/74185/21991/22339/83814/14387/20970/52231/170768/14066/14284/12452/110611/14733/236900/14751/19664/17423/12767/117592/15531/18655,Pdgfb/Hk2/Ndrg1/Sdc4/P4ha1/Ero1l/Myh9/Gbe1/Tpi1/Vegfa/Nedd4l/Gaa/Sdc3/Ankzf1/Pfkfb3/F3/Fosl2/Ccng2/Hdlbp/Gpc1/Pdk3/Gpi1/Rbpj/Ndst2/Cxcr4/B3galt6/Ndst1/Pgk1,ENSMUSG00000000489/ENSMUSG00000000628/ENSMUSG00000005125/ENSMUSG00000017009/ENSMUSG00000019916/ENSMUSG00000021831/ENSMUSG00000022443/ENSMUSG00000022707/ENSMUSG00000023456/ENSMUSG00000023951/ENSMUSG00000024589/ENSMUSG00000025579/ENSMUSG00000025743/ENSMUSG00000026199/ENSMUSG00000026773/ENSMUSG00000028128/ENSMUSG00000029135/ENSMUSG00000029385/ENSMUSG00000034088/ENSMUSG00000034220/ENSMUSG00000035232/ENSMUSG00000036427/ENSMUSG00000039191/ENSMUSG00000039308/ENSMUSG00000045382/ENSMUSG00000050796/ENSMUSG00000054008/ENSMUSG00000062070
H,both_down,1071,357,4395,HALLMARK_INFLAMMATORY_RESPONSE,28,199,0.1407035175879397,0.049048333831820265,0.043369053072346335,17387/16197/17295/12977/11303/20354/54483/15975/19419/14066/12986/54216/16190/142980/16154/20304/21950/380713/12267/19267/192187/21897/12273/326623/11480/19204/16561/20529,Mmp14/Il7r/Met/Csf1/Abca1/Sema4d/Mefv/Ifnar1/Rasgrp1/F3/Csf3r/Pcdh7/Il4ra/Tlr3/Il10ra/Ccl5/Tnfsf9/Scarf1/C3ar1/Ptpre/Stab1/Tlr1/C5ar1/Tnfsf15/Acvr2a/Ptafr/Kif1b/Slc31a1,ENSMUSG00000000957/ENSMUSG00000003882/ENSMUSG00000009376/ENSMUSG00000014599/ENSMUSG00000015243/ENSMUSG00000021451/ENSMUSG00000022534/ENSMUSG00000022967/ENSMUSG00000027347/ENSMUSG00000028128/ENSMUSG00000028859/ENSMUSG00000029108/ENSMUSG00000030748/ENSMUSG00000031639/ENSMUSG00000032089/ENSMUSG00000035042/ENSMUSG00000035678/ENSMUSG00000038188/ENSMUSG00000040552/ENSMUSG00000041836/ENSMUSG00000042286/ENSMUSG00000044827/ENSMUSG00000049130/ENSMUSG00000050395/ENSMUSG00000052155/ENSMUSG00000056529/ENSMUSG00000063077/ENSMUSG00000066150
H,both_down,1071,357,4395,HALLMARK_KRAS_SIGNALING_UP,27,204,0.1323529411764706,0.08816425621332726,0.0779557633886262,16197/104156/58205/11846/94176/18080/50527/66058/13823/11501/12628/13805/22029/78937/65963/16186/16154/19225/66066/74145/12267/56743/12767/269799/16534/16658/17954,Il7r/Etv5/Pdcd1lg2/Arg1/Dock2/Nin/Ero1l/Tmem176a/Epb41l3/Adam8/Cfh/Eng/Traf1/Avl9/Tmem176b/Il2rg/Il10ra/Ptgs2/Gng11/F13a1/C3ar1/Lat2/Cxcr4/Clec4a1/Kcnn4/Mafb/Nap1l2,ENSMUSG00000003882/ENSMUSG00000013089/ENSMUSG00000016498/ENSMUSG00000019987/ENSMUSG00000020143/ENSMUSG00000021068/ENSMUSG00000021831/ENSMUSG00000023367/ENSMUSG00000024044/ENSMUSG00000025473/ENSMUSG00000026365/ENSMUSG00000026814/ENSMUSG00000026875/ENSMUSG00000029787/ENSMUSG00000029810/ENSMUSG00000031304/ENSMUSG00000032089/ENSMUSG00000032487/ENSMUSG00000032766/ENSMUSG00000039109/ENSMUSG00000040552/ENSMUSG00000040751/ENSMUSG00000045382/ENSMUSG00000049037/ENSMUSG00000054342/ENSMUSG00000074622/ENSMUSG00000082229
H,both_down,1071,357,4395,HALLMARK_ALLOGRAFT_REJECTION,26,204,0.12745098039215685,0.1306611692797643,0.11553198125789683,14423/18636/12977/18126/14744/23880/12524/55985/12263/16452/230861/16190/16408/56501/16186/192176/142980/54698/12445/20304/192187/21897/11480/18751/24015/12774,Galnt1/Cfp/Csf1/Nos2/Gpr65/Fyb/Cd86/Cxcl13/C2/Jak2/Eif4g3/Il4ra/Itgal/Elf4/Il2rg/Flna/Tlr3/Crtam/Ccnd3/Ccl5/Stab1/Tlr1/Acvr2a/Prkcb/Abce1/Ccr5,ENSMUSG00000000420/ENSMUSG00000001128/ENSMUSG00000014599/ENSMUSG00000020826/ENSMUSG00000021886/ENSMUSG00000022148/ENSMUSG00000022901/ENSMUSG00000023078/ENSMUSG00000024371/ENSMUSG00000024789/ENSMUSG00000028760/ENSMUSG00000030748/ENSMUSG00000030830/ENSMUSG00000031103/ENSMUSG00000031304/ENSMUSG00000031328/ENSMUSG00000031639/ENSMUSG00000032021/ENSMUSG00000034165/ENSMUSG00000035042/ENSMUSG00000042286/ENSMUSG00000044827/ENSMUSG00000052155/ENSMUSG00000052889/ENSMUSG00000058355/ENSMUSG00000079227
H,both_down,1071,357,4395,HALLMARK_GLYCOLYSIS,24,200,0.12,0.23065664785572218,0.20394903599874378,15277/17295/18451/20969/217119/70601/50527/21991/22339/20970/52231/53418/14583/18746/15932/110611/14733/236900/12337/100910/23908/12767/117592/18655,Hk2/Met/P4ha1/Sdc1/Xylt2/Ecd/Ero1l/Tpi1/Vegfa/Sdc3/Ankzf1/B4galt2/Gfpt1/Pkm/Idua/Hdlbp/Gpc1/Pdk3/Capn5/Chpf2/Hs2st1/Cxcr4/B3galt6/Pgk1,ENSMUSG00000000628/ENSMUSG00000009376/ENSMUSG00000019916/ENSMUSG00000020592/ENSMUSG00000020868/ENSMUSG00000021810/ENSMUSG00000021831/ENSMUSG00000023456/ENSMUSG00000023951/ENSMUSG00000025743/ENSMUSG00000026199/ENSMUSG00000028541/ENSMUSG00000029992/ENSMUSG00000032294/ENSMUSG00000033540/ENSMUSG00000034088/ENSMUSG00000034220/ENSMUSG00000035232/ENSMUSG00000035547/ENSMUSG00000038181/ENSMUSG00000040151/ENSMUSG00000045382/ENSMUSG00000050796/ENSMUSG00000062070
H,both_down,1071,357,4395,HALLMARK_IL2_STAT5_SIGNALING,24,200,0.12,0.23065664785572218,0.20394903599874378,15277/20514/17988/11492/12977/17913/18451/14744/11658/12524/16004/65960/22029/17979/68151/20430/16190/20947/16154/12445/19347/69863/14190/229521,Hk2/Slc1a5/Ndrg1/Adam19/Csf1/Myo1c/P4ha1/Gpr65/Alcam/Cd86/Igf2r/Twsg1/Traf1/Ncoa3/Wls/Cyfip1/Il4ra/Swap70/Il10ra/Ccnd3/Dennd5a/Ttc39b/Fgl2/Syt11,ENSMUSG00000000628/ENSMUSG00000001918/ENSMUSG00000005125/ENSMUSG00000011256/ENSMUSG00000014599/ENSMUSG00000017774/ENSMUSG00000019916/ENSMUSG00000021886/ENSMUSG00000022636/ENSMUSG00000022901/ENSMUSG00000023830/ENSMUSG00000024098/ENSMUSG00000026875/ENSMUSG00000027678/ENSMUSG00000028173/ENSMUSG00000030447/ENSMUSG00000030748/ENSMUSG00000031015/ENSMUSG00000032089/ENSMUSG00000034165/ENSMUSG00000035901/ENSMUSG00000038172/ENSMUSG00000039899/ENSMUSG00000068923
H,both_down,1071,357,4395,HALLMARK_INTERFERON_GAMMA_RESPONSE,24,208,0.11538461538461539,0.2999433722987849,0.2652130870852414,16421/20848/50523/12524/74157/16452/12628/17979/56417/12494/236573/27056/27007/16190/16154/19225/547253/20304/100121/75345/98999/14190/672511/434341,Itgb7/Stat3/Lats2/Cd86/Cmtr1/Jak2/Cfh/Ncoa3/Adar/Cd38/Gbp9/Irf5/Klrk1/Il4ra/Il10ra/Ptgs2/Parp14/Ccl5/Tdrd7/Slamf7/Znfx1/Fgl2/Rnf213/Nlrc5,ENSMUSG00000001281/ENSMUSG00000004040/ENSMUSG00000021959/ENSMUSG00000022901/ENSMUSG00000024019/ENSMUSG00000024789/ENSMUSG00000026365/ENSMUSG00000027678/ENSMUSG00000027951/ENSMUSG00000029084/ENSMUSG00000029298/ENSMUSG00000029771/ENSMUSG00000030149/ENSMUSG00000030748/ENSMUSG00000032089/ENSMUSG00000032487/ENSMUSG00000034422/ENSMUSG00000035042/ENSMUSG00000035517/ENSMUSG00000038179/ENSMUSG00000039501/ENSMUSG00000039899/ENSMUSG00000070327/ENSMUSG00000074151
H,both_down,1071,357,4395,HALLMARK_HEDGEHOG_SIGNALING,6,36,0.16666666666666666,0.37339900636725343,0.33016333194578196,21885/104001/17886/22339/18187/21887,Tle1/Rtn1/Myh9/Vegfa/Nrp2/Tle3,ENSMUSG00000008305/ENSMUSG00000021087/ENSMUSG00000022443/ENSMUSG00000023951/ENSMUSG00000025969/ENSMUSG00000032280
H,both_down,1071,357,4395,HALLMARK_NOTCH_SIGNALING,5,32,0.15625,0.5656809379146341,0.500181039840308,109689/16449/18129/14369/14362,Arrb1/Jag1/Notch2/Fzd7/Fzd1,ENSMUSG00000018909/ENSMUSG00000027276/ENSMUSG00000027878/ENSMUSG00000041075/ENSMUSG00000044674
H,both_down,1071,357,4395,HALLMARK_G2M_CHECKPOINT,21,199,0.10552763819095477,0.5747510092592053,0.5082008923976131,14030/18141/17865/27041/21973/19134/20496/11350/18129/12580/18817/212999/71819/21887/77782/20842/17215/105988/101706/17118/12449,Ewsr1/Nup50/Mybl2/G3bp1/Top2a/Prpf4b/Slc12a2/Abl1/Notch2/Cdkn2c/Plk1/Tnpo2/Kif23/Tle3/Polq/Stag1/Mcm3/Espl1/Numa1/Marcks/Ccnf,ENSMUSG00000009079/ENSMUSG00000016619/ENSMUSG00000017861/ENSMUSG00000018583/ENSMUSG00000020914/ENSMUSG00000021413/ENSMUSG00000024597/ENSMUSG00000026842/ENSMUSG00000027878/ENSMUSG00000028551/ENSMUSG00000030867/ENSMUSG00000031691/ENSMUSG00000032254/ENSMUSG00000032280/ENSMUSG00000034206/ENSMUSG00000037286/ENSMUSG00000041859/ENSMUSG00000058290/ENSMUSG00000066306/ENSMUSG00000069662/ENSMUSG00000072082
H,both_down,1071,357,4395,HALLMARK_HEME_METABOLISM,20,195,0.10256410256410256,0.6703002722467334,0.592686556512901,67608/192657/60611/14055/102857/30805/74136/225849/14755/70827/26570/11518/12445/67712/71946/84585/338523/74645/219094/52065,Narf/Ell2/Foxj2/Ezh1/Slc6a8/Slc22a4/Sec14l1/Ppp2r5b/Pigq/Trak2/Slc7a11/Add1/Ccnd3/Slc25a37/Endod1/Rnf123/Kdm7a/Tent5c/Khnyn/Mfhas1,ENSMUSG00000000056/ENSMUSG00000001542/ENSMUSG00000003154/ENSMUSG00000006920/ENSMUSG00000019558/ENSMUSG00000020334/ENSMUSG00000020823/ENSMUSG00000024777/ENSMUSG00000025728/ENSMUSG00000026028/ENSMUSG00000027737/ENSMUSG00000029106/ENSMUSG00000034165/ENSMUSG00000034248/ENSMUSG00000037419/ENSMUSG00000041528/ENSMUSG00000042599/ENSMUSG00000044468/ENSMUSG00000047153/ENSMUSG00000070056
H,both_down,1071,357,4395,HALLMARK_IL6_JAK_STAT3_SIGNALING,10,88,0.11363636363636363,0.6703002722467334,0.592686556512901,11482/20848/12977/15975/55985/12986/12494/16190/16186/54721,Acvrl1/Stat3/Csf1/Ifnar1/Cxcl13/Csf3r/Cd38/Il4ra/Il2rg/Tyk2,ENSMUSG00000000530/ENSMUSG00000004040/ENSMUSG00000014599/ENSMUSG00000022967/ENSMUSG00000023078/ENSMUSG00000028859/ENSMUSG00000029084/ENSMUSG00000030748/ENSMUSG00000031304/ENSMUSG00000032175
H,both_down,1071,357,4395,HALLMARK_MYOGENESIS,20,200,0.1,0.6846733763744786,0.6053954064784863,12709/14248/15184/17913/13867/14081/102857/29856/11568/17886/30948/14387/11636/12955/140570/53311/71994/20740/59011/21924,Ckb/Flii/Hdac5/Myo1c/Erbb3/Acsl1/Slc6a8/Smtn/Aebp1/Myh9/Bin1/Gaa/Ak1/Cryab/Plxnb2/Mybph/Cnn3/Sptan1/Myoz1/Tnnc1,ENSMUSG00000001270/ENSMUSG00000002812/ENSMUSG00000008855/ENSMUSG00000017774/ENSMUSG00000018166/ENSMUSG00000018796/ENSMUSG00000019558/ENSMUSG00000020439/ENSMUSG00000020473/ENSMUSG00000022443/ENSMUSG00000024381/ENSMUSG00000025579/ENSMUSG00000026817/ENSMUSG00000032060/ENSMUSG00000036606/ENSMUSG00000042451/ENSMUSG00000053931/ENSMUSG00000057738/ENSMUSG00000068697/ENSMUSG00000091898
H,both_down,1071,357,4395,HALLMARK_COAGULATION,14,141,0.09929078014184398,0.6965388325967193,0.6158869677697307,18591/17387/23921/56213/12263/14268/12628/12334/14066/12337/12259/54381/21825/16971,Pdgfb/Mmp14/Sh2b2/Htra1/C2/Fn1/Cfh/Capn2/F3/Capn5/C1qa/Cpq/Thbs1/Lrp1,ENSMUSG00000000489/ENSMUSG00000000957/ENSMUSG00000005057/ENSMUSG00000006205/ENSMUSG00000024371/ENSMUSG00000026193/ENSMUSG00000026365/ENSMUSG00000026509/ENSMUSG00000028128/ENSMUSG00000035547/ENSMUSG00000036887/ENSMUSG00000039007/ENSMUSG00000040152/ENSMUSG00000040249
H,both_down,1071,357,4395,HALLMARK_COMPLEMENT,19,197,0.09644670050761421,0.6965388325967193,0.6158869677697307,18591/17387/12263/16452/14268/12628/19419/14696/14066/69181/16409/20304/12259/12262/210293/54381/16971/16923/70675,Pdgfb/Mmp14/C2/Jak2/Fn1/Cfh/Rasgrp1/Gnb4/F3/Dyrk2/Itgam/Ccl5/C1qa/C1qc/Dock10/Cpq/Lrp1/Sh2b3/Vcpip1,ENSMUSG00000000489/ENSMUSG00000000957/ENSMUSG00000024371/ENSMUSG00000024789/ENSMUSG00000026193/ENSMUSG00000026365/ENSMUSG00000027347/ENSMUSG00000027669/ENSMUSG00000028128/ENSMUSG00000028630/ENSMUSG00000030786/ENSMUSG00000035042/ENSMUSG00000036887/ENSMUSG00000036896/ENSMUSG00000038608/ENSMUSG00000039007/ENSMUSG00000040249/ENSMUSG00000042594/ENSMUSG00000045210
H,both_down,1071,357,4395,HALLMARK_EPITHELIAL_MESENCHYMAL_TRANSITION,19,200,0.095,0.6965388325967193,0.6158869677697307,17387/56213/20971/102857/30794/20969/22339/14268/226519/18129/192176/326618/54725/22003/14733/16790/21825/16971/73690,Mmp14/Htra1/Sdc4/Slc6a8/Pdlim4/Sdc1/Vegfa/Fn1/Lamc1/Notch2/Flna/Tpm4/Cadm1/Tpm1/Gpc1/Anpep/Thbs1/Lrp1/Glipr1,ENSMUSG00000000957/ENSMUSG00000006205/ENSMUSG00000017009/ENSMUSG00000019558/ENSMUSG00000020388/ENSMUSG00000020592/ENSMUSG00000023951/ENSMUSG00000026193/ENSMUSG00000026478/ENSMUSG00000027878/ENSMUSG00000031328/ENSMUSG00000031799/ENSMUSG00000032076/ENSMUSG00000032366/ENSMUSG00000034220/ENSMUSG00000039062/ENSMUSG00000040152/ENSMUSG00000040249/ENSMUSG00000056888
H,both_down,1071,357,4395,HALLMARK_P53_PATHWAY,19,200,0.095,0.6965388325967193,0.6158869677697307,17988/11783/76884/20969/27416/108100/11636/26570/230233/53421/16832/102626/12445/21950/140570/140742/19267/16554/71839,Ndrg1/Apaf1/Cyfip2/Sdc1/Abcc5/Baiap2/Ak1/Slc7a11/Elp1/Sec61a1/Ldhb/Mapkapk3/Ccnd3/Tnfsf9/Plxnb2/Sesn1/Ptpre/Kif13b/Osgin1,ENSMUSG00000005125/ENSMUSG00000019979/ENSMUSG00000020340/ENSMUSG00000020592/ENSMUSG00000022822/ENSMUSG00000025372/ENSMUSG00000026817/ENSMUSG00000027737/ENSMUSG00000028431/ENSMUSG00000030082/ENSMUSG00000030246/ENSMUSG00000032577/ENSMUSG00000034165/ENSMUSG00000035678/ENSMUSG00000036606/ENSMUSG00000038332/ENSMUSG00000041836/ENSMUSG00000060012/ENSMUSG00000074063
H,both_down,1071,357,4395,HALLMARK_TNFA_SIGNALING_VIA_NFKB,19,200,0.095,0.6965388325967193,0.6158869677697307,54446/16197/12977/11303/20971/22339/20725/170768/22029/16449/14066/14284/19225/20304/21950/19347/19267/22151/17118,Nfat5/Il7r/Csf1/Abca1/Sdc4/Vegfa/Serpinb8/Pfkfb3/Traf1/Jag1/F3/Fosl2/Ptgs2/Ccl5/Tnfsf9/Dennd5a/Ptpre/Tubb2a/Marcks,ENSMUSG00000003847/ENSMUSG00000003882/ENSMUSG00000014599/ENSMUSG00000015243/ENSMUSG00000017009/ENSMUSG00000023951/ENSMUSG00000026315/ENSMUSG00000026773/ENSMUSG00000026875/ENSMUSG00000027276/ENSMUSG00000028128/ENSMUSG00000029135/ENSMUSG00000032487/ENSMUSG00000035042/ENSMUSG00000035678/ENSMUSG00000035901/ENSMUSG00000041836/ENSMUSG00000058672/ENSMUSG00000069662
H,both_down,1071,357,4395,HALLMARK_UV_RESPONSE_DN,14,144,0.09722222222222222,0.6965388325967193,0.6158869677697307,17295/23797/207615/13548/12394/17250/27360/226519/18129/14066/328108/18707/217692/11480,Met/Akt3/Wdr37/Dyrk1a/Runx1/Abcc1/Add3/Lamc1/Notch2/F3/Togaram1/Pik3cd/Sipa1l1/Acvr2a,ENSMUSG00000009376/ENSMUSG00000019699/ENSMUSG00000021147/ENSMUSG00000022897/ENSMUSG00000022952/ENSMUSG00000023088/ENSMUSG00000025026/ENSMUSG00000026478/ENSMUSG00000027878/ENSMUSG00000028128/ENSMUSG00000035614/ENSMUSG00000039936/ENSMUSG00000042700/ENSMUSG00000052155
H,both_down,1071,357,4395,HALLMARK_APICAL_JUNCTION,18,199,0.09045226130653267,0.7975945942435465,0.7052415359627149,12561/23797/13822/23880/17886/12524/108100/20970/22029/11490/56492/16332/102657/104099/232975/75599/54353/381921,Cdh4/Akt3/Epb41l2/Fyb/Myh9/Cd86/Baiap2/Sdc3/Traf1/Adam15/Cldn18/Inppl1/Cd276/Itga9/Atp1a3/Pcdh1/Skap2/Taok2,ENSMUSG00000000305/ENSMUSG00000019699/ENSMUSG00000019978/ENSMUSG00000022148/ENSMUSG00000022443/ENSMUSG00000022901/ENSMUSG00000025372/ENSMUSG00000025743/ENSMUSG00000026875/ENSMUSG00000028041/ENSMUSG00000032473/ENSMUSG00000032737/ENSMUSG00000035914/ENSMUSG00000039115/ENSMUSG00000040907/ENSMUSG00000051375/ENSMUSG00000059182/ENSMUSG00000059981
H,both_down,1071,357,4395,HALLMARK_MTORC1_SIGNALING,18,200,0.09,0.7975945942435465,0.7052415359627149,15277/18636/20514/18451/50527/74185/21991/27360/26570/18817/14751/70699/14190/12767/76614/54353/18655/12449,Hk2/Cfp/Slc1a5/P4ha1/Ero1l/Gbe1/Tpi1/Add3/Slc7a11/Plk1/Gpi1/Nup205/Fgl2/Cxcr4/Immt/Skap2/Pgk1/Ccnf,ENSMUSG00000000628/ENSMUSG00000001128/ENSMUSG00000001918/ENSMUSG00000019916/ENSMUSG00000021831/ENSMUSG00000022707/ENSMUSG00000023456/ENSMUSG00000025026/ENSMUSG00000027737/ENSMUSG00000030867/ENSMUSG00000036427/ENSMUSG00000038759/ENSMUSG00000039899/ENSMUSG00000045382/ENSMUSG00000052337/ENSMUSG00000059182/ENSMUSG00000062070/ENSMUSG00000072082
H,both_down,1071,357,4395,HALLMARK_REACTIVE_OXYGEN_SPECIES_PATHWAY,5,49,0.10204081632653061,0.7975945942435465,0.7052415359627149,17250/76650/216161/108737/17196,Abcc1/Srxn1/Sbno2/Oxsr1/Mbp,ENSMUSG00000023088/ENSMUSG00000032802/ENSMUSG00000035673/ENSMUSG00000036737/ENSMUSG00000041607
H,both_down,1071,357,4395,HALLMARK_TGF_BETA_SIGNALING,5,54,0.09259259259259259,0.8993504580293492,0.7952151418364771,20742/13805/20481/21825/106572,Sptbn1/Eng/Ski/Thbs1/Rab31,ENSMUSG00000020315/ENSMUSG00000026814/ENSMUSG00000029050/ENSMUSG00000040152/ENSMUSG00000056515
H,both_down,1071,357,4395,HALLMARK_WNT_BETA_CATENIN_SIGNALING,4,42,0.09523809523809523,0.8993504580293492,0.7952151418364771,15184/16449/19664/14362,Hdac5/Jag1/Rbpj/Fzd1,ENSMUSG00000008855/ENSMUSG00000027276/ENSMUSG00000039191/ENSMUSG00000044674
H,both_down,1071,357,4395,HALLMARK_ADIPOGENESIS,14,200,0.07,0.9998770962344574,0.8841018535125729,20514/11816/11303/74185/11512/14732/22273/170768/12580/12452/68750/108954/76614/19043,Slc1a5/Apoe/Abca1/Gbe1/Adcy6/Gpam/Uqcrc1/Pfkfb3/Cdkn2c/Ccng2/Rreb1/Ppp1r15b/Immt/Ppm1b,ENSMUSG00000001918/ENSMUSG00000002985/ENSMUSG00000015243/ENSMUSG00000022707/ENSMUSG00000022994/ENSMUSG00000024978/ENSMUSG00000025651/ENSMUSG00000026773/ENSMUSG00000028551/ENSMUSG00000029385/ENSMUSG00000039087/ENSMUSG00000046062/ENSMUSG00000052337/ENSMUSG00000061130
H,both_down,1071,357,4395,HALLMARK_ANDROGEN_RESPONSE,6,111,0.05405405405405406,0.9998770962344574,0.8841018535125729,192657/17988/66884/56228/12445/107094,Ell2/Ndrg1/Appbp2/Ube2j1/Ccnd3/Rrp12,ENSMUSG00000001542/ENSMUSG00000005125/ENSMUSG00000018481/ENSMUSG00000028277/ENSMUSG00000034165/ENSMUSG00000035049
H,both_down,1071,357,4395,HALLMARK_ANGIOGENESIS,3,36,0.08333333333333333,0.9998770962344574,0.8841018535125729,22339/16449/16976,Vegfa/Jag1/Lrpap1,ENSMUSG00000023951/ENSMUSG00000027276/ENSMUSG00000029103
H,both_down,1071,357,4395,HALLMARK_APICAL_SURFACE,3,44,0.06818181818181818,0.9998770962344574,0.8841018535125729,11630/16186/230872,Crybg1/Il2rg/Crocc,ENSMUSG00000019866/ENSMUSG00000031304/ENSMUSG00000040860
H,both_down,1071,357,4395,HALLMARK_APOPTOSIS,11,161,0.06832298136645963,0.9998770962344574,0.8841018535125729,12122/13867/21973/16004/225849/12494/11518/66593/14863/228355/20740,Bid/Erbb3/Top2a/Igf2r/Ppp2r5b/Cd38/Add1/Diablo/Gstm2/Madd/Sptan1,ENSMUSG00000004446/ENSMUSG00000018166/ENSMUSG00000020914/ENSMUSG00000023830/ENSMUSG00000024777/ENSMUSG00000029084/ENSMUSG00000029106/ENSMUSG00000029433/ENSMUSG00000040562/ENSMUSG00000040687/ENSMUSG00000057738
H,both_down,1071,357,4395,HALLMARK_BILE_ACID_METABOLISM,6,113,0.05309734513274336,0.9998770962344574,0.8841018535125729,11303/14081/104086/11305/14712/66887,Abca1/Acsl1/Cyp27a1/Abca2/Gnpat/Lonp2,ENSMUSG00000015243/ENSMUSG00000018796/ENSMUSG00000026170/ENSMUSG00000026944/ENSMUSG00000031985/ENSMUSG00000047866
H,both_down,1071,357,4395,HALLMARK_CHOLESTEROL_HOMEOSTASIS,6,74,0.08108108108108109,0.9998770962344574,0.8841018535125729,66102/11658/11305/16449/71914/236900,Cxcl16/Alcam/Abca2/Jag1/Antxr2/Pdk3,ENSMUSG00000018920/ENSMUSG00000022636/ENSMUSG00000026944/ENSMUSG00000027276/ENSMUSG00000029338/ENSMUSG00000035232
H,both_down,1071,357,4395,HALLMARK_DNA_REPAIR,7,150,0.04666666666666667,0.9998770962344574,0.8841018535125729,20020/11512/21357/11636/53421/227644/18971,Polr2a/Adcy6/Tarbp2/Ak1/Sec61a1/Snapc4/Pold1,ENSMUSG00000005198/ENSMUSG00000022994/ENSMUSG00000023051/ENSMUSG00000026817/ENSMUSG00000030082/ENSMUSG00000036281/ENSMUSG00000038644
H,both_down,1071,357,4395,HALLMARK_E2F_TARGETS,15,200,0.075,0.9998770962344574,0.8841018535125729,54141/103135/17865/18972/21973/218210/17121/12580/18817/20842/68298/18971/70699/17215/105988,Spag5/Pan2/Mybl2/Pold2/Top2a/Nup153/Mxd3/Cdkn2c/Plk1/Stag1/Ncapd2/Pold1/Nup205/Mcm3/Espl1,ENSMUSG00000002055/ENSMUSG00000005682/ENSMUSG00000017861/ENSMUSG00000020471/ENSMUSG00000020914/ENSMUSG00000021374/ENSMUSG00000021485/ENSMUSG00000028551/ENSMUSG00000030867/ENSMUSG00000037286/ENSMUSG00000038252/ENSMUSG00000038644/ENSMUSG00000038759/ENSMUSG00000041859/ENSMUSG00000058290
H,both_down,1071,357,4395,HALLMARK_ESTROGEN_RESPONSE_EARLY,11,200,0.055,0.9998770962344574,0.8841018535125729,193796/16452/27360/286940/56177/19419/99543/107094/71946/64292/106572,Kdm4b/Jak2/Add3/Flnb/Olfm1/Rasgrp1/Olfml3/Rrp12/Endod1/Ptges/Rab31,ENSMUSG00000024201/ENSMUSG00000024789/ENSMUSG00000025026/ENSMUSG00000025278/ENSMUSG00000026833/ENSMUSG00000027347/ENSMUSG00000027848/ENSMUSG00000035049/ENSMUSG00000037419/ENSMUSG00000050737/ENSMUSG00000056515
H,both_down,1071,357,4395,HALLMARK_ESTROGEN_RESPONSE_LATE,13,206,0.06310679611650485,0.9998770962344574,0.8841018535125729,12709/217325/54189/21973/16452/27360/286940/56177/16451/22235/64292/106572/21924,Ckb/Llgl2/Rabep1/Top2a/Jak2/Add3/Flnb/Olfm1/Jak1/Ugdh/Ptges/Rab31/Tnnc1,ENSMUSG00000001270/ENSMUSG00000020782/ENSMUSG00000020817/ENSMUSG00000020914/ENSMUSG00000024789/ENSMUSG00000025026/ENSMUSG00000025278/ENSMUSG00000026833/ENSMUSG00000028530/ENSMUSG00000029201/ENSMUSG00000050737/ENSMUSG00000056515/ENSMUSG00000091898
H,both_down,1071,357,4395,HALLMARK_FATTY_ACID_METABOLISM,3,160,0.01875,0.9998770962344574,0.8841018535125729,14081/22235/231086,Acsl1/Ugdh/Hadhb,ENSMUSG00000018796/ENSMUSG00000029201/ENSMUSG00000059447
H,both_down,1071,357,4395,HALLMARK_INTERFERON_ALPHA_RESPONSE,7,102,0.06862745098039216,0.9998770962344574,0.8841018535125729,12977/74157/56417/16190/74153/547253/100121,Csf1/Cmtr1/Adar/Il4ra/Uba7/Parp14/Tdrd7,ENSMUSG00000014599/ENSMUSG00000024019/ENSMUSG00000027951/ENSMUSG00000030748/ENSMUSG00000032596/ENSMUSG00000034422/ENSMUSG00000035517
H,both_down,1071,357,4395,HALLMARK_KRAS_SIGNALING_DN,7,205,0.03414634146341464,0.9998770962344574,0.8841018535125729,71279/54483/19271/15932/50878/227541/74645,Slc29a3/Mefv/Ptprj/Idua/Stag3/Camk1d/Tent5c,ENSMUSG00000020100/ENSMUSG00000022534/ENSMUSG00000025314/ENSMUSG00000033540/ENSMUSG00000036928/ENSMUSG00000039145/ENSMUSG00000044468
H,both_down,1071,357,4395,HALLMARK_MYC_TARGETS_V1,7,200,0.035,0.9998770962344574,0.8841018535125729,69719/27041/18972/101943/27979/24015/18655,Cad/G3bp1/Pold2/Sf3b3/Eif3b/Abce1/Pgk1,ENSMUSG00000013629/ENSMUSG00000018583/ENSMUSG00000020471/ENSMUSG00000033732/ENSMUSG00000056076/ENSMUSG00000058355/ENSMUSG00000062070
H,both_down,1071,357,4395,HALLMARK_MYC_TARGETS_V2,3,58,0.05172413793103448,0.9998770962344574,0.8841018535125729,15277/18817/107094,Hk2/Plk1/Rrp12,ENSMUSG00000000628/ENSMUSG00000030867/ENSMUSG00000035049
H,both_down,1071,357,4395,HALLMARK_OXIDATIVE_PHOSPHORYLATION,5,198,0.025252525252525252,0.9998770962344574,0.8841018535125729,22273/16832/14751/76614/231086,Uqcrc1/Ldhb/Gpi1/Immt/Hadhb,ENSMUSG00000025651/ENSMUSG00000030246/ENSMUSG00000036427/ENSMUSG00000052337/ENSMUSG00000059447
H,both_down,1071,357,4395,HALLMARK_PANCREAS_BETA_CELLS,3,40,0.075,0.9998770962344574,0.8841018535125729,23797/20910/16658,Akt3/Stxbp1/Mafb,ENSMUSG00000019699/ENSMUSG00000026797/ENSMUSG00000074622
H,both_down,1071,357,4395,HALLMARK_PEROXISOME,7,107,0.06542056074766354,0.9998770962344574,0.8841018535125729,14081/21973/27416/14712/54725/66887/15925,Acsl1/Top2a/Abcc5/Gnpat/Cadm1/Lonp2/Ide,ENSMUSG00000018796/ENSMUSG00000020914/ENSMUSG00000022822/ENSMUSG00000031985/ENSMUSG00000032076/ENSMUSG00000047866/ENSMUSG00000056999
H,both_down,1071,357,4395,HALLMARK_PI3K_AKT_MTOR_SIGNALING,5,105,0.047619047619047616,0.9998770962344574,0.8841018535125729,74370/17346/16186/12767/18751,Rptor/Mknk1/Il2rg/Cxcr4/Prkcb,ENSMUSG00000025583/ENSMUSG00000028708/ENSMUSG00000031304/ENSMUSG00000045382/ENSMUSG00000052889
H,both_down,1071,357,4395,HALLMARK_PROTEIN_SECRETION,7,96,0.07291666666666667,0.9998770962344574,0.8841018535125729,11303/14420/211286/16004/16561/99371/12176,Abca1/Galc/Cln5/Igf2r/Kif1b/Arfgef2/Bnip3,ENSMUSG00000015243/ENSMUSG00000021003/ENSMUSG00000022125/ENSMUSG00000023830/ENSMUSG00000063077/ENSMUSG00000074582/ENSMUSG00000078566
H,both_down,1071,357,4395,HALLMARK_SPERMATOGENESIS,7,135,0.05185185185185185,0.9998770962344574,0.8841018535125729,17776/20496/21888/56717/235559/27399/15925,Mast2/Slc12a2/Tle4/Mtor/Topbp1/Ip6k1/Ide,ENSMUSG00000003810/ENSMUSG00000024597/ENSMUSG00000024642/ENSMUSG00000028991/ENSMUSG00000032555/ENSMUSG00000032594/ENSMUSG00000056999
H,both_down,1071,357,4395,HALLMARK_UNFOLDED_PROTEIN_RESPONSE,8,113,0.07079646017699115,0.9998770962344574,0.8841018535125729,104625/50527/75901/22339/56454/13666/13191/22151,Cnot6/Ero1l/Dcp1a/Vegfa/Aldh18a1/Eif2ak3/Dctn1/Tubb2a,ENSMUSG00000020362/ENSMUSG00000021831/ENSMUSG00000021962/ENSMUSG00000023951/ENSMUSG00000025007/ENSMUSG00000031668/ENSMUSG00000031865/ENSMUSG00000058672
H,both_down,1071,357,4395,HALLMARK_UV_RESPONSE_UP,7,162,0.043209876543209874,0.9998770962344574,0.8841018535125729,17387/12122/53319/102857/56177/19419/12445,Mmp14/Bid/Nxf1/Slc6a8/Olfm1/Rasgrp1/Ccnd3,ENSMUSG00000000957/ENSMUSG00000004446/ENSMUSG00000010097/ENSMUSG00000019558/ENSMUSG00000026833/ENSMUSG00000027347/ENSMUSG00000034165
H,both_down,1071,357,4395,HALLMARK_XENOBIOTIC_METABOLISM,12,202,0.0594059405940594,0.9998770962344574,0.8841018535125729,20514/11816/17155/11846/76884/76408/14450/22436/104086/22235/65963/64292,Slc1a5/Apoe/Man1a/Arg1/Cyfip2/Abcc3/Gart/Xdh/Cyp27a1/Ugdh/Tmem176b/Ptges,ENSMUSG00000001918/ENSMUSG00000002985/ENSMUSG00000003746/ENSMUSG00000019987/ENSMUSG00000020340/ENSMUSG00000020865/ENSMUSG00000022962/ENSMUSG00000024066/ENSMUSG00000026170/ENSMUSG00000029201/ENSMUSG00000029810/ENSMUSG00000050737
H,I_up,1039,349,4395,HALLMARK_OXIDATIVE_PHOSPHORYLATION,68,198,0.3434343434343434,2.2688131915681966e-26,1.9309048438878268e-26,12858/15929/66043/12028/12034/66144/68349/11951/11974/67126/54405/12867/228033/11973/75406/66594/30055/30056/67530/407785/17993/22334/223696/11957/68202/55951/72900/20463/66419/67264/66495/68375/30059/170718/66046/67460/66407/67003/66142/12857/12866/69833/27395/66916/71679/94065/66091/12868/110323/66377/57423/30057/66290/12861/66416/22272/24030/11958/56451/66223/66052/14297/66152/12859/18674/66576/230075/625249,Cox5a/Idh3g/Atp5d/Bax/Phb2/Atp6v1f/Ndufs3/Atp5g1/Atp6v0e/Atp5e/Ndufa1/Cox7c/Atp5g3/Atp6v1e1/Ndufs7/Uqcr11/Timm13/Timm9/Uqcrb/Ndufs6/Ndufs4/Vdac2/Tomm22/Atp5j/Ndufa5/Mpc1/Ndufv2/Cox7a2l/Mrpl11/Ndufb8/Ndufb3/Ndufa8/Timm10/Idh3b/Ndufb5/Decr1/Mrps15/Uqcrc2/Cox7b/Cox4i1/Cox7a2/Polr2f/Mrpl15/Ndufb7/Atp5h/Mrpl34/Ndufa3/Cox8a/Cox6b1/Ndufc1/Atp5j2/Timm8b/Atp6v1g1/Cox6a1/Ndufa7/Uqcrq/Mrps12/Atp5k/Suclg1/Mrpl35/Sdhc/Fxn/Uqcr10/Cox5b/Slc25a3/Uqcrh/Ndufb6/Gpx4,ENSMUSG00000000088/ENSMUSG00000002010/ENSMUSG00000003072/ENSMUSG00000003873/ENSMUSG00000004264/ENSMUSG00000004285/ENSMUSG00000005510/ENSMUSG00000006057/ENSMUSG00000015575/ENSMUSG00000016252/ENSMUSG00000016427/ENSMUSG00000017778/ENSMUSG00000018770/ENSMUSG00000019210/ENSMUSG00000020153/ENSMUSG00000020163/ENSMUSG00000020219/ENSMUSG00000021079/ENSMUSG00000021520/ENSMUSG00000021606/ENSMUSG00000021764/ENSMUSG00000021771/ENSMUSG00000022427/ENSMUSG00000022890/ENSMUSG00000023089/ENSMUSG00000023861/ENSMUSG00000024099/ENSMUSG00000024248/ENSMUSG00000024902/ENSMUSG00000025204/ENSMUSG00000026032/ENSMUSG00000026895/ENSMUSG00000027076/ENSMUSG00000027406/ENSMUSG00000027673/ENSMUSG00000028223/ENSMUSG00000028861/ENSMUSG00000030884/ENSMUSG00000031231/ENSMUSG00000031818/ENSMUSG00000032330/ENSMUSG00000033020/ENSMUSG00000033845/ENSMUSG00000033938/ENSMUSG00000034566/ENSMUSG00000034880/ENSMUSG00000035674/ENSMUSG00000035885/ENSMUSG00000036751/ENSMUSG00000037152/ENSMUSG00000038690/ENSMUSG00000039016/ENSMUSG00000039105/ENSMUSG00000041697/ENSMUSG00000041881/ENSMUSG00000044894/ENSMUSG00000045948/ENSMUSG00000050856/ENSMUSG00000052738/ENSMUSG00000052962/ENSMUSG00000058076/ENSMUSG00000059363/ENSMUSG00000059534/ENSMUSG00000061518/ENSMUSG00000061904/ENSMUSG00000063882/ENSMUSG00000071014/ENSMUSG00000075706
H,I_up,1039,349,4395,HALLMARK_MYC_TARGETS_V1,46,200,0.23,2.4667831149543226e-10,2.0993898850675086e-10,12858/52530/15982/66942/12034/27756/20103/19166/55944/12261/14694/22627/26443/22194/68092/18813/67115/28126/55949/26444/19359/20104/26445/19934/19384/19988/68981/57296/23996/27050/26441/11792/66870/19935/107686/16898/68011/19899/13681/53607/18674/68436/11837/268373/15528/233870,Cox5a/Nhp2/Ifrd1/Ddx18/Phb2/Lsm2/Rps5/Psma2/Eif3d/C1qbp/Rack1/Ywhae/Psma6/Ube2e1/Ncbp2/Pa2g4/Rpl14/Nop16/Eef1b2/Psma7/Rad23b/Rps6/Psmb2/Rpl22/Ran/Rpl6/Snrpa1/Psmd8/Psmc4/Rps3/Psma4/Apex1/Serbp1/Mrpl23/Snrpd2/Rps2/Snrpg/Rpl18/Eif4a1/Snrpa/Slc25a3/Rpl34/Rplp0/Ppia/Hspe1/Tufm,ENSMUSG00000000088/ENSMUSG00000001056/ENSMUSG00000001627/ENSMUSG00000001674/ENSMUSG00000004264/ENSMUSG00000007050/ENSMUSG00000012848/ENSMUSG00000015671/ENSMUSG00000016554/ENSMUSG00000018446/ENSMUSG00000020372/ENSMUSG00000020849/ENSMUSG00000021024/ENSMUSG00000021774/ENSMUSG00000022774/ENSMUSG00000025364/ENSMUSG00000025794/ENSMUSG00000025869/ENSMUSG00000025967/ENSMUSG00000027566/ENSMUSG00000028426/ENSMUSG00000028495/ENSMUSG00000028837/ENSMUSG00000028936/ENSMUSG00000029430/ENSMUSG00000029614/ENSMUSG00000030512/ENSMUSG00000030591/ENSMUSG00000030603/ENSMUSG00000030744/ENSMUSG00000032301/ENSMUSG00000035960/ENSMUSG00000036371/ENSMUSG00000037772/ENSMUSG00000040824/ENSMUSG00000044533/ENSMUSG00000057278/ENSMUSG00000059070/ENSMUSG00000059796/ENSMUSG00000061479/ENSMUSG00000061904/ENSMUSG00000062006/ENSMUSG00000067274/ENSMUSG00000071866/ENSMUSG00000073676/ENSMUSG00000073838
H,I_up,1039,349,4395,HALLMARK_ADIPOGENESIS,30,200,0.15,0.00662166132028454,0.005635456442795354,15929/68349/13476/66594/69721/66148/20655/68202/26379/22340/11363/67460/230027/66142/67914/27395/66916/12868/227095/12861/22272/22117/56451/66052/66152/66205/11770/67809/67247/625249,Idh3g/Ndufs3/Reep5/Uqcr11/Nkiras1/Dnajc15/Sod1/Ndufa5/Esrra/Vegfb/Acadl/Decr1/Coq3/Cox7b/Coq9/Mrpl15/Ndufb7/Cox8a/Hibch/Cox6a1/Uqcrq/Tst/Suclg1/Sdhc/Uqcr10/Cd302/Fabp4/Rmdn3/Marc2/Gpx4,ENSMUSG00000002010/ENSMUSG00000005510/ENSMUSG00000005873/ENSMUSG00000020163/ENSMUSG00000021772/ENSMUSG00000022013/ENSMUSG00000022982/ENSMUSG00000023089/ENSMUSG00000024955/ENSMUSG00000024962/ENSMUSG00000026003/ENSMUSG00000028223/ENSMUSG00000028247/ENSMUSG00000031231/ENSMUSG00000031782/ENSMUSG00000033845/ENSMUSG00000033938/ENSMUSG00000035885/ENSMUSG00000041426/ENSMUSG00000041697/ENSMUSG00000044894/ENSMUSG00000044986/ENSMUSG00000052738/ENSMUSG00000058076/ENSMUSG00000059534/ENSMUSG00000060703/ENSMUSG00000062515/ENSMUSG00000070730/ENSMUSG00000073481/ENSMUSG00000075706
H,I_up,1039,349,4395,HALLMARK_INTERFERON_ALPHA_RESPONSE,18,102,0.17647058823529413,0.010962248422740928,0.00932957312573696,19186/17069/16913/16149/64685/73711/67775/19039/66988/69550/319236/19167/12010/52668/15040/109032/19188/16912,Psme1/Ly6e/Psmb8/Cd74/Nmi/Mvb12a/Rtp4/Lgals3bp/Lap3/Bst2/Trim12c/Psma3/B2m/Ifi27/H2-T23/Sp110/Psme2/Psmb9,ENSMUSG00000022216/ENSMUSG00000022587/ENSMUSG00000024338/ENSMUSG00000024610/ENSMUSG00000026946/ENSMUSG00000031813/ENSMUSG00000033355/ENSMUSG00000033880/ENSMUSG00000039682/ENSMUSG00000046718/ENSMUSG00000057143/ENSMUSG00000060073/ENSMUSG00000060802/ENSMUSG00000064215/ENSMUSG00000067212/ENSMUSG00000070034/ENSMUSG00000079197/ENSMUSG00000096727
H,I_up,1039,349,4395,HALLMARK_DNA_REPAIR,23,150,0.15333333333333332,0.013794774475825465,0.011740233596447203,98053/11821/56044/59022/67996/69920/50773/13135/18100/68092/69745/20018/107569/66979/69833/66467/68134/20022/24075/66162/22059/625249/66914,Gtf2f1/Aprt/Rala/Edf1/Srsf6/Polr2i/Nt5c/Dad1/Mrpl40/Ncbp2/Pold4/Polr1d/Nt5c3/Pole4/Polr2f/Gtf2h5/Upf3b/Polr2j/Taf10/Bola2/Trp53/Gpx4/Vps28,ENSMUSG00000002658/ENSMUSG00000006589/ENSMUSG00000008859/ENSMUSG00000015092/ENSMUSG00000016921/ENSMUSG00000019738/ENSMUSG00000020736/ENSMUSG00000022174/ENSMUSG00000022706/ENSMUSG00000022774/ENSMUSG00000024854/ENSMUSG00000029642/ENSMUSG00000029780/ENSMUSG00000030042/ENSMUSG00000033020/ENSMUSG00000034345/ENSMUSG00000036572/ENSMUSG00000039771/ENSMUSG00000043866/ENSMUSG00000047721/ENSMUSG00000059552/ENSMUSG00000075706/ENSMUSG00000115987
H,I_up,1039,349,4395,HALLMARK_INTERFERON_GAMMA_RESPONSE,27,208,0.12980769230769232,0.053081907862652926,0.0451760917980025,19166/19186/17069/18712/16913/16149/64685/58203/26445/19171/67775/12363/19039/140795/14960/14998/66988/69550/22320/19167/14969/12010/52668/15040/109032/19188/16912,Psma2/Psme1/Ly6e/Pim1/Psmb8/Cd74/Nmi/Zbp1/Psmb2/Psmb10/Rtp4/Casp4/Lgals3bp/P2ry14/H2-Aa/H2-DMa/Lap3/Bst2/Vamp8/Psma3/H2-Eb1/B2m/Ifi27/H2-T23/Sp110/Psme2/Psmb9,ENSMUSG00000015671/ENSMUSG00000022216/ENSMUSG00000022587/ENSMUSG00000024014/ENSMUSG00000024338/ENSMUSG00000024610/ENSMUSG00000026946/ENSMUSG00000027514/ENSMUSG00000028837/ENSMUSG00000031897/ENSMUSG00000033355/ENSMUSG00000033538/ENSMUSG00000033880/ENSMUSG00000036381/ENSMUSG00000036594/ENSMUSG00000037649/ENSMUSG00000039682/ENSMUSG00000046718/ENSMUSG00000050732/ENSMUSG00000060073/ENSMUSG00000060586/ENSMUSG00000060802/ENSMUSG00000064215/ENSMUSG00000067212/ENSMUSG00000070034/ENSMUSG00000079197/ENSMUSG00000096727
H,I_up,1039,349,4395,HALLMARK_MTORC1_SIGNALING,25,200,0.125,0.09588296633275374,0.08160252453851383,15982/66143/12317/11951/12301/19173/107272/14718/23997/67890/19181/100678/27053/12527/18036/23996/13595/26441/74754/69071/14227/14433/19167/268373/15528,Ifrd1/Eef1e1/Calr/Atp5g1/Cacybp/Psmb5/Psat1/Got1/Psmd13/Ufm1/Psmc2/Psph/Asns/Cd9/Nfkbib/Psmc4/Ebp/Psma4/Dhcr24/Tmem97/Fkbp2/Gapdh/Psma3/Ppia/Hspe1,ENSMUSG00000001627/ENSMUSG00000001707/ENSMUSG00000003814/ENSMUSG00000006057/ENSMUSG00000014226/ENSMUSG00000022193/ENSMUSG00000024640/ENSMUSG00000025190/ENSMUSG00000025487/ENSMUSG00000027746/ENSMUSG00000028932/ENSMUSG00000029446/ENSMUSG00000029752/ENSMUSG00000030342/ENSMUSG00000030595/ENSMUSG00000030603/ENSMUSG00000031168/ENSMUSG00000032301/ENSMUSG00000034926/ENSMUSG00000037278/ENSMUSG00000056629/ENSMUSG00000057666/ENSMUSG00000060073/ENSMUSG00000071866/ENSMUSG00000073676
H,I_up,1039,349,4395,HALLMARK_REACTIVE_OXYGEN_SPECIES_PATHWAY,8,49,0.16326530612244897,0.21811557467801151,0.18563027632171192,15369/21672/11927/20655/22166/109815/625249/68576,Hmox2/Prdx2/Atox1/Sod1/Txn1/Selenos/Gpx4/Lamtor5,ENSMUSG00000004070/ENSMUSG00000005161/ENSMUSG00000018585/ENSMUSG00000022982/ENSMUSG00000028367/ENSMUSG00000075701/ENSMUSG00000075706/ENSMUSG00000087260
H,I_up,1039,349,4395,HALLMARK_FATTY_ACID_METABOLISM,19,160,0.11875,0.2505871524815741,0.21326566168644603,109778/15929/15519/23986/19186/11363/170718/67460/17025/15356/22275/114664/73724/74754/11792/227095/56451/66052/16852,Blvra/Idh3g/Hsp90aa1/Eci2/Psme1/Acadl/Idh3b/Decr1/Alad/Hmgcl/Urod/Hsd17b11/Mcee/Dhcr24/Apex1/Hibch/Suclg1/Sdhc/Lgals1,ENSMUSG00000001999/ENSMUSG00000002010/ENSMUSG00000021270/ENSMUSG00000021417/ENSMUSG00000022216/ENSMUSG00000026003/ENSMUSG00000027406/ENSMUSG00000028223/ENSMUSG00000028393/ENSMUSG00000028672/ENSMUSG00000028684/ENSMUSG00000029311/ENSMUSG00000033429/ENSMUSG00000034926/ENSMUSG00000035960/ENSMUSG00000041426/ENSMUSG00000052738/ENSMUSG00000058076/ENSMUSG00000068220
H,I_up,1039,349,4395,HALLMARK_UNFOLDED_PROTEIN_RESPONSE,14,113,0.12389380530973451,0.29043839665096216,0.24718161417103163,52530/12317/69019/70640/20044/107272/23825/218693/192170/27053/50783/11911/15270/13681,Nhp2/Calr/Spcs1/Dcp2/Rps14/Psat1/Banf1/Paip1/Eif4a3/Asns/Lsm4/Atf4/H2afx/Eif4a1,ENSMUSG00000001056/ENSMUSG00000003814/ENSMUSG00000021917/ENSMUSG00000024472/ENSMUSG00000024608/ENSMUSG00000024640/ENSMUSG00000024844/ENSMUSG00000025451/ENSMUSG00000025580/ENSMUSG00000029752/ENSMUSG00000031848/ENSMUSG00000042406/ENSMUSG00000049932/ENSMUSG00000059796
H,I_up,1039,349,4395,HALLMARK_MYC_TARGETS_V2,7,58,0.1206896551724138,0.7415833428093367,0.6311347598377335,66942/18813/28126/69902/69071/227746/15528,Ddx18/Pa2g4/Nop16/Mrto4/Tmem97/Rabepk/Hspe1,ENSMUSG00000001674/ENSMUSG00000025364/ENSMUSG00000025869/ENSMUSG00000028741/ENSMUSG00000037278/ENSMUSG00000070953/ENSMUSG00000073676
H,I_up,1039,349,4395,HALLMARK_PI3K_AKT_MTOR_SIGNALING,11,105,0.10476190476190476,0.8191645189983321,0.697161292764538,12317/67605/13001/192662/15461/56378/21937/18036/12631/14784/26940,Calr/Akt1s1/Csnk2b/Arhgdia/Hras/Arpc3/Tnfrsf1a/Nfkbib/Cfl1/Grb2/Ecsit,ENSMUSG00000003814/ENSMUSG00000011096/ENSMUSG00000024387/ENSMUSG00000025132/ENSMUSG00000025499/ENSMUSG00000029465/ENSMUSG00000030341/ENSMUSG00000030595/ENSMUSG00000056201/ENSMUSG00000059923/ENSMUSG00000066839
H,I_up,1039,349,4395,HALLMARK_ALLOGRAFT_REJECTION,14,204,0.06862745098039216,0.999999447593307,0.8510633596538782,21803/76846/55944/16149/20091/19171/94062/14960/14998/20085/20005/12010/15040/67248,Tgfb1/Rps9/Eif3d/Cd74/Rps3a1/Psmb10/Mrpl3/H2-Aa/H2-DMa/Rps19/Rpl9/B2m/H2-T23/Rpl39,ENSMUSG00000002603/ENSMUSG00000006333/ENSMUSG00000016554/ENSMUSG00000024610/ENSMUSG00000028081/ENSMUSG00000031897/ENSMUSG00000032563/ENSMUSG00000036594/ENSMUSG00000037649/ENSMUSG00000040952/ENSMUSG00000047215/ENSMUSG00000060802/ENSMUSG00000067212/ENSMUSG00000079641
H,I_up,1039,349,4395,HALLMARK_ANDROGEN_RESPONSE,9,111,0.08108108108108109,0.999999447593307,0.8510633596538782,67268/18813/13167/71817/66065/72155/74754/16691/12010,Myl12a/Pa2g4/Dbi/Tmem50a/Hsd17b14/Cenpn/Dhcr24/Krt8/B2m,ENSMUSG00000024048/ENSMUSG00000025364/ENSMUSG00000026385/ENSMUSG00000028822/ENSMUSG00000030825/ENSMUSG00000031756/ENSMUSG00000034926/ENSMUSG00000049382/ENSMUSG00000060802
H,I_up,1039,349,4395,HALLMARK_APICAL_JUNCTION,6,199,0.03015075376884422,0.999999447593307,0.8510633596538782,98053/20410/15461/11790/20163/18515,Gtf2f1/Sorbs3/Hras/Speg/Rsu1/Pbx2,ENSMUSG00000002658/ENSMUSG00000022091/ENSMUSG00000025499/ENSMUSG00000026207/ENSMUSG00000026727/ENSMUSG00000034673
H,I_up,1039,349,4395,HALLMARK_APOPTOSIS,11,161,0.06832298136645963,0.999999447593307,0.8510633596538782,12028/22334/12177/20655/13595/12363/223453/12257/11852/65111/625249,Bax/Vdac2/Bnip3l/Sod1/Ebp/Casp4/Dap/Tspo/Rhob/Dap3/Gpx4,ENSMUSG00000003873/ENSMUSG00000021771/ENSMUSG00000022051/ENSMUSG00000022982/ENSMUSG00000031168/ENSMUSG00000033538/ENSMUSG00000039168/ENSMUSG00000041736/ENSMUSG00000054364/ENSMUSG00000068921/ENSMUSG00000075706
H,I_up,1039,349,4395,HALLMARK_BILE_ACID_METABOLISM,7,113,0.061946902654867256,0.999999447593307,0.8510633596538782,20655/111175/114664/76263/74754/19659/12642,Sod1/Pecr/Hsd17b11/Gstk1/Dhcr24/Rbp1/Ch25h,ENSMUSG00000022982/ENSMUSG00000026189/ENSMUSG00000029311/ENSMUSG00000029864/ENSMUSG00000034926/ENSMUSG00000046402/ENSMUSG00000050370
H,I_up,1039,349,4395,HALLMARK_CHOLESTEROL_HOMEOSTASIS,7,74,0.0945945945945946,0.999999447593307,0.8510633596538782,16592/68603/12527/13595/69071/17855/110196,Fabp5/Pmvk/Cd9/Ebp/Tmem97/Mvk/Fdps,ENSMUSG00000027533/ENSMUSG00000027952/ENSMUSG00000030342/ENSMUSG00000031168/ENSMUSG00000037278/ENSMUSG00000041939/ENSMUSG00000059743
H,I_up,1039,349,4395,HALLMARK_COAGULATION,8,141,0.05673758865248227,0.999999447593307,0.8510633596538782,13039/76467/93691/67898/14693/12527/20196/17133,Ctsl/Msrb2/Klf7/Pef1/Gnb2/Cd9/S100a13/Maff,ENSMUSG00000021477/ENSMUSG00000023094/ENSMUSG00000025959/ENSMUSG00000028779/ENSMUSG00000029713/ENSMUSG00000030342/ENSMUSG00000042312/ENSMUSG00000042622
H,I_up,1039,349,4395,HALLMARK_COMPLEMENT,14,197,0.07106598984771574,0.999999447593307,0.8510633596538782,12946/11927/13039/18712/14693/12363/66988/20196/17133/14127/14784/56212/27361/16912,Cr1l/Atox1/Ctsl/Pim1/Gnb2/Casp4/Lap3/S100a13/Maff/Fcer1g/Grb2/Rhog/Msrb1/Psmb9,ENSMUSG00000016481/ENSMUSG00000018585/ENSMUSG00000021477/ENSMUSG00000024014/ENSMUSG00000029713/ENSMUSG00000033538/ENSMUSG00000039682/ENSMUSG00000042312/ENSMUSG00000042622/ENSMUSG00000058715/ENSMUSG00000059923/ENSMUSG00000073982/ENSMUSG00000075705/ENSMUSG00000096727
H,I_up,1039,349,4395,HALLMARK_E2F_TARGETS,11,200,0.055,0.999999447593307,0.8510633596538782,22154/30939/20877/18813/20638/100336/19384/66979/15270/78304/22059,Tubb5/Pttg1/Aurkb/Pa2g4/Snrpb/Ppp1r8/Ran/Pole4/H2afx/Naa38/Trp53,ENSMUSG00000001525/ENSMUSG00000020415/ENSMUSG00000020897/ENSMUSG00000025364/ENSMUSG00000027404/ENSMUSG00000028882/ENSMUSG00000029430/ENSMUSG00000030042/ENSMUSG00000049932/ENSMUSG00000059278/ENSMUSG00000059552
H,I_up,1039,349,4395,HALLMARK_EPITHELIAL_MESENCHYMAL_TRANSITION,4,200,0.02,0.999999447593307,0.8510633596538782,21803/71665/11852/16852,Tgfb1/Fuca1/Rhob/Lgals1,ENSMUSG00000002603/ENSMUSG00000028673/ENSMUSG00000054364/ENSMUSG00000068220
H,I_up,1039,349,4395,HALLMARK_ESTROGEN_RESPONSE_EARLY,2,200,0.01,0.999999447593307,0.8510633596538782,16691/225845,Krt8/Plaat3,ENSMUSG00000049382/ENSMUSG00000060675
H,I_up,1039,349,4395,HALLMARK_ESTROGEN_RESPONSE_LATE,10,206,0.04854368932038835,0.999999447593307,0.8510633596538782,17434/57266/22122/16592/12527/272551/53314/67880/22117/225845,Mocs2/Cxcl14/Tsta3/Fabp5/Cd9/Gins2/Batf/Dcxr/Tst/Plaat3,ENSMUSG00000015536/ENSMUSG00000021508/ENSMUSG00000022570/ENSMUSG00000027533/ENSMUSG00000030342/ENSMUSG00000031821/ENSMUSG00000034266/ENSMUSG00000039450/ENSMUSG00000044986/ENSMUSG00000060675
H,I_up,1039,349,4395,HALLMARK_G2M_CHECKPOINT,8,199,0.04020100502512563,0.999999447593307,0.8510633596538782,21803/15331/30939/20877/13645/19359/272551/15270,Tgfb1/Hmgn2/Pttg1/Aurkb/Egf/Rad23b/Gins2/H2afx,ENSMUSG00000002603/ENSMUSG00000003038/ENSMUSG00000020415/ENSMUSG00000020897/ENSMUSG00000028017/ENSMUSG00000028426/ENSMUSG00000031821/ENSMUSG00000049932
H,I_up,1039,349,4395,HALLMARK_GLYCOLYSIS,11,200,0.055,0.999999447593307,0.8510633596538782,22122/20655/78330/14718/68507/22166/58810/23996/66171/66052/268373,Tsta3/Sod1/Ndufv3/Got1/Ppfia4/Txn1/Akr1a1/Psmc4/Pgls/Sdhc/Ppia,ENSMUSG00000022570/ENSMUSG00000022982/ENSMUSG00000024038/ENSMUSG00000025190/ENSMUSG00000026458/ENSMUSG00000028367/ENSMUSG00000028692/ENSMUSG00000030603/ENSMUSG00000031807/ENSMUSG00000058076/ENSMUSG00000071866
H,I_up,1039,349,4395,HALLMARK_HEME_METABOLISM,15,195,0.07692307692307693,0.999999447593307,0.8510633596538782,11433/71538/109778/21672/12177/17025/22275/27053/17524/66171/66943/13349/110351/66935/15199,Acp5/Fbxo9/Blvra/Prdx2/Bnip3l/Alad/Urod/Asns/Mpp1/Pgls/Pqlc1/Ackr1/Rap1gap/Cir1/Hebp1,ENSMUSG00000001348/ENSMUSG00000001366/ENSMUSG00000001999/ENSMUSG00000005161/ENSMUSG00000022051/ENSMUSG00000028393/ENSMUSG00000028684/ENSMUSG00000029752/ENSMUSG00000031402/ENSMUSG00000031807/ENSMUSG00000034006/ENSMUSG00000037872/ENSMUSG00000041351/ENSMUSG00000041777/ENSMUSG00000042770
H,I_up,1039,349,4395,HALLMARK_HYPOXIA,10,201,0.04975124378109453,0.999999447593307,0.8510633596538782,12177/18712/93691/68507/17748/12306/56174/17133/17035/14433,Bnip3l/Pim1/Klf7/Ppfia4/Mt1/Anxa2/Nagk/Maff/Lxn/Gapdh,ENSMUSG00000022051/ENSMUSG00000024014/ENSMUSG00000025959/ENSMUSG00000026458/ENSMUSG00000031765/ENSMUSG00000032231/ENSMUSG00000034744/ENSMUSG00000042622/ENSMUSG00000047557/ENSMUSG00000057666
H,I_up,1039,349,4395,HALLMARK_IL2_STAT5_SIGNALING,11,200,0.055,0.999999447593307,0.8510633596538782,64138/68043/18712/14873/53314/17133/11852/74318/16188/217057/625249,Ctsz/Eef1akmt1/Pim1/Gsto1/Batf/Maff/Rhob/Hopx/Il3ra/Ptrh2/Gpx4,ENSMUSG00000016256/ENSMUSG00000021951/ENSMUSG00000024014/ENSMUSG00000025068/ENSMUSG00000034266/ENSMUSG00000042622/ENSMUSG00000054364/ENSMUSG00000059325/ENSMUSG00000068758/ENSMUSG00000072582/ENSMUSG00000075706
H,I_up,1039,349,4395,HALLMARK_IL6_JAK_STAT3_SIGNALING,8,88,0.09090909090909091,0.999999447593307,0.8510633596538782,21803/18712/21937/12527/57914/12018/14784/16188,Tgfb1/Pim1/Tnfrsf1a/Cd9/Crlf2/Bak1/Grb2/Il3ra,ENSMUSG00000002603/ENSMUSG00000024014/ENSMUSG00000030341/ENSMUSG00000030342/ENSMUSG00000033467/ENSMUSG00000057789/ENSMUSG00000059923/ENSMUSG00000068758
H,I_up,1039,349,4395,HALLMARK_INFLAMMATORY_RESPONSE,8,199,0.04020100502512563,0.999999447593307,0.8510633596538782,17069/50778/64685/20295/67775/69550/56212/109815,Ly6e/Rgs1/Nmi/Ccl17/Rtp4/Bst2/Rhog/Selenos,ENSMUSG00000022587/ENSMUSG00000026358/ENSMUSG00000026946/ENSMUSG00000031780/ENSMUSG00000033355/ENSMUSG00000046718/ENSMUSG00000073982/ENSMUSG00000075701
H,I_up,1039,349,4395,HALLMARK_KRAS_SIGNALING_DN,2,205,0.00975609756097561,0.999999447593307,0.8510633596538782,56358/13645,Copz2/Egf,ENSMUSG00000018672/ENSMUSG00000028017
H,I_up,1039,349,4395,HALLMARK_KRAS_SIGNALING_UP,6,204,0.029411764705882353,0.999999447593307,0.8510633596538782,16913/30951/56195/16792/71665/14127,Psmb8/Cbx8/Ptbp2/Laptm5/Fuca1/Fcer1g,ENSMUSG00000024338/ENSMUSG00000025578/ENSMUSG00000028134/ENSMUSG00000028581/ENSMUSG00000028673/ENSMUSG00000058715
H,I_up,1039,349,4395,HALLMARK_MITOTIC_SPINDLE,7,199,0.035175879396984924,0.999999447593307,0.8510633596538782,22294/22627/19765/192662/68724/76932/17318,Uxt/Ywhae/Ralbp1/Arhgdia/Arl8a/Arfip2/Mid1,ENSMUSG00000001134/ENSMUSG00000020849/ENSMUSG00000024096/ENSMUSG00000025132/ENSMUSG00000026426/ENSMUSG00000030881/ENSMUSG00000035299
H,I_up,1039,349,4395,HALLMARK_MYOGENESIS,8,200,0.04,0.999999447593307,0.8510633596538782,15982/21803/16000/20410/11790/68507/12862/110196,Ifrd1/Tgfb1/Igf1/Sorbs3/Speg/Ppfia4/Cox6a2/Fdps,ENSMUSG00000001627/ENSMUSG00000002603/ENSMUSG00000020053/ENSMUSG00000022091/ENSMUSG00000026207/ENSMUSG00000026458/ENSMUSG00000030785/ENSMUSG00000059743
H,I_up,1039,349,4395,HALLMARK_NOTCH_SIGNALING,2,32,0.0625,0.999999447593307,0.8510633596538782,21402/66340,Skp1a/Psenen,ENSMUSG00000036309/ENSMUSG00000036835
H,I_up,1039,349,4395,HALLMARK_P53_PATHWAY,17,200,0.085,0.999999447593307,0.8510633596538782,21803/12028/15254/14694/15461/71665/69076/67941/67880/22320/12018/54217/19899/22059/232440/20042/319162,Tgfb1/Bax/Hint1/Rack1/Hras/Fuca1/Triap1/Rps27l/Dcxr/Vamp8/Bak1/Rpl36/Rpl18/Trp53/H2afj/Rps12/Hist3h2a,ENSMUSG00000002603/ENSMUSG00000003873/ENSMUSG00000020267/ENSMUSG00000020372/ENSMUSG00000025499/ENSMUSG00000028673/ENSMUSG00000029535/ENSMUSG00000036781/ENSMUSG00000039450/ENSMUSG00000050732/ENSMUSG00000057789/ENSMUSG00000057863/ENSMUSG00000059070/ENSMUSG00000059552/ENSMUSG00000060032/ENSMUSG00000061983/ENSMUSG00000078851
H,I_up,1039,349,4395,HALLMARK_PANCREAS_BETA_CELLS,2,40,0.05,0.999999447593307,0.8510633596538782,20813/69019,Srp14/Spcs1,ENSMUSG00000009549/ENSMUSG00000021917
H,I_up,1039,349,4395,HALLMARK_PEROXISOME,10,107,0.09345794392523364,0.999999447593307,0.8510633596538782,66437/23986/20655/15461/15356/114664/76263/74754/12257/110196,Fis1/Eci2/Sod1/Hras/Hmgcl/Hsd17b11/Gstk1/Dhcr24/Tspo/Fdps,ENSMUSG00000019054/ENSMUSG00000021417/ENSMUSG00000022982/ENSMUSG00000025499/ENSMUSG00000028672/ENSMUSG00000029311/ENSMUSG00000029864/ENSMUSG00000034926/ENSMUSG00000041736/ENSMUSG00000059743
H,I_up,1039,349,4395,HALLMARK_PROTEIN_SECRETION,6,96,0.0625,0.999999447593307,0.8510633596538782,66366/232910/20655/12512/12757/59042,Ergic3/Ap2s1/Sod1/Cd63/Clta/Cope,ENSMUSG00000005881/ENSMUSG00000008036/ENSMUSG00000022982/ENSMUSG00000025351/ENSMUSG00000028478/ENSMUSG00000055681
H,I_up,1039,349,4395,HALLMARK_SPERMATOGENESIS,3,135,0.022222222222222223,0.999999447593307,0.8510633596538782,22099/23980/69310,Tsn/Pebp1/Pacrg,ENSMUSG00000026374/ENSMUSG00000032959/ENSMUSG00000037196
H,I_up,1039,349,4395,HALLMARK_TGF_BETA_SIGNALING,2,54,0.037037037037037035,0.999999447593307,0.8510633596538782,21803/11848,Tgfb1/Rhoa,ENSMUSG00000002603/ENSMUSG00000007815
H,I_up,1039,349,4395,HALLMARK_TNFA_SIGNALING_VIA_NFKB,5,200,0.025,0.999999447593307,0.8510633596538782,56722/20918/17133/11852/12044,Litaf/Eif1/Maff/Rhob/Bcl2a1a,ENSMUSG00000022500/ENSMUSG00000035530/ENSMUSG00000042622/ENSMUSG00000054364/ENSMUSG00000102037
H,I_up,1039,349,4395,HALLMARK_UV_RESPONSE_DN,4,144,0.027777777777777776,0.999999447593307,0.8510633596538782,71175/17748/12306/69562,Nipbl/Mt1/Anxa2/Cdk13,ENSMUSG00000022141/ENSMUSG00000031765/ENSMUSG00000032231/ENSMUSG00000041297
H,I_up,1039,349,4395,HALLMARK_UV_RESPONSE_UP,13,162,0.08024691358024691,0.999999447593307,0.8510633596538782,66144/232910/59045/13039/22275/27053/19935/22117/74325/15270/11852/12018/15040,Atp6v1f/Ap2s1/Stard3/Ctsl/Urod/Asns/Mrpl23/Tst/Cltb/H2afx/Rhob/Bak1/H2-T23,ENSMUSG00000004285/ENSMUSG00000008036/ENSMUSG00000018167/ENSMUSG00000021477/ENSMUSG00000028684/ENSMUSG00000029752/ENSMUSG00000037772/ENSMUSG00000044986/ENSMUSG00000047547/ENSMUSG00000049932/ENSMUSG00000054364/ENSMUSG00000057789/ENSMUSG00000067212
H,I_up,1039,349,4395,HALLMARK_WNT_BETA_CATENIN_SIGNALING,1,42,0.023809523809523808,0.999999447593307,0.8510633596538782,22059,Trp53,ENSMUSG00000059552
H,I_up,1039,349,4395,HALLMARK_XENOBIOTIC_METABOLISM,9,202,0.04455445544554455,0.999999447593307,0.8510633596538782,55942/16000/110172/14873/21937/19171/69071/67880/110351,Sertad1/Igf1/Slc35b1/Gsto1/Tnfrsf1a/Psmb10/Tmem97/Dcxr/Rap1gap,ENSMUSG00000008384/ENSMUSG00000020053/ENSMUSG00000020873/ENSMUSG00000025068/ENSMUSG00000030341/ENSMUSG00000031897/ENSMUSG00000037278/ENSMUSG00000039450/ENSMUSG00000041351
H,I_down,514,139,4395,HALLMARK_PI3K_AKT_MTOR_SIGNALING,9,105,0.08571428571428572,0.24977400874211614,0.23553250824366215,110157/22084/19211/66713/19766/26409/19087/12283/67300,Raf1/Tsc2/Pten/Actr2/Ripk1/Map3k7/Prkar2a/Cab39/Cltc,ENSMUSG00000000441/ENSMUSG00000002496/ENSMUSG00000013663/ENSMUSG00000020152/ENSMUSG00000021408/ENSMUSG00000028284/ENSMUSG00000032601/ENSMUSG00000036707/ENSMUSG00000047126
H,I_down,514,139,4395,HALLMARK_PROTEIN_SECRETION,8,96,0.08333333333333333,0.24977400874211614,0.23553250824366215,56494/74006/108123/11765/11977/69608/67300/11487,Gosr2/Dnm1l/Napg/Ap1g1/Atp7a/Sec24d/Cltc/Adam10,ENSMUSG00000020946/ENSMUSG00000022789/ENSMUSG00000024581/ENSMUSG00000031731/ENSMUSG00000033792/ENSMUSG00000039234/ENSMUSG00000047126/ENSMUSG00000054693
H,I_down,514,139,4395,HALLMARK_MITOTIC_SPINDLE,12,199,0.06030150753768844,0.3083145771005905,0.29073523717818844,259279/18541/109934/18005/16569/13605/269587/15185/71602/11855/227800/238130,Tubgcp3/Pcnt/Abr/Nek2/Kif3b/Ect2/Epb41/Hdac6/Myo1e/Arhgap5/Rabgap1/Dock4,ENSMUSG00000000759/ENSMUSG00000001151/ENSMUSG00000017631/ENSMUSG00000026622/ENSMUSG00000027475/ENSMUSG00000027699/ENSMUSG00000028906/ENSMUSG00000031161/ENSMUSG00000032220/ENSMUSG00000035133/ENSMUSG00000035437/ENSMUSG00000035954
H,I_down,514,139,4395,HALLMARK_UNFOLDED_PROTEIN_RESPONSE,8,113,0.07079646017699115,0.3083145771005905,0.29073523717818844,72198/56494/66482/110960/192193/234699/77591/76687,Mtrex/Gosr2/Exoc2/Tars/Edem1/Edc4/Ddx10/Spcs3,ENSMUSG00000016018/ENSMUSG00000020946/ENSMUSG00000021357/ENSMUSG00000022241/ENSMUSG00000030104/ENSMUSG00000036270/ENSMUSG00000053289/ENSMUSG00000054408
H,I_down,514,139,4395,HALLMARK_UV_RESPONSE_DN,9,144,0.0625,0.360106291644282,0.33957391536631854,16590/19211/20975/59125/11990/21813/235574/106583/26416,Kit/Pten/Synj2/Nek7/Atrn/Tgfbr2/Atp2c1/Scaf8/Mapk14,ENSMUSG00000005672/ENSMUSG00000013663/ENSMUSG00000023805/ENSMUSG00000026393/ENSMUSG00000027312/ENSMUSG00000032440/ENSMUSG00000032570/ENSMUSG00000046201/ENSMUSG00000053436
H,I_down,514,139,4395,HALLMARK_APICAL_JUNCTION,10,199,0.05025125628140704,0.683558103396594,0.6445832992555601,16151/71740/19211/16412/17698/11502/74769/12385/19261/26416,Ikbkg/Nectin4/Pten/Itgb1/Msn/Adam9/Pik3cb/Ctnna1/Sirpa/Mapk14,ENSMUSG00000004221/ENSMUSG00000006411/ENSMUSG00000013663/ENSMUSG00000025809/ENSMUSG00000031207/ENSMUSG00000031555/ENSMUSG00000032462/ENSMUSG00000037815/ENSMUSG00000037902/ENSMUSG00000053436
H,I_down,514,139,4395,HALLMARK_ESTROGEN_RESPONSE_EARLY,10,200,0.05,0.683558103396594,0.6445832992555601,23989/16195/27410/14229/225115/14104/23802/116914/226101/78286,Med24/Il6st/Abca3/Fkbp5/Svil/Fasn/Amfr/Slc19a2/Myof/Nav2,ENSMUSG00000017210/ENSMUSG00000021756/ENSMUSG00000024130/ENSMUSG00000024222/ENSMUSG00000024236/ENSMUSG00000025153/ENSMUSG00000031751/ENSMUSG00000040918/ENSMUSG00000048612/ENSMUSG00000052512
H,I_down,514,139,4395,HALLMARK_HEME_METABOLISM,9,195,0.046153846153846156,0.9756420376608198,0.9200133249871766,12380/65246/104015/71779/59125/269587/214597/242418/18023,Cast/Xpo7/Synj1/March8/Nek7/Epb41/Sidt2/Dcaf10/Nfe2l1,ENSMUSG00000021585/ENSMUSG00000022100/ENSMUSG00000022973/ENSMUSG00000025702/ENSMUSG00000026393/ENSMUSG00000028906/ENSMUSG00000034908/ENSMUSG00000035572/ENSMUSG00000038615
H,I_down,514,139,4395,HALLMARK_ADIPOGENESIS,3,200,0.015,0.9988276075746503,0.9418769106515342,56085/94044/104112,Ubqln1/Bcl2l13/Acly,ENSMUSG00000005312/ENSMUSG00000009112/ENSMUSG00000020917
H,I_down,514,139,4395,HALLMARK_ALLOGRAFT_REJECTION,4,204,0.0196078431372549,0.9988276075746503,0.9418769106515342,12189/15251/26409/56468,Brca1/Hif1a/Map3k7/Socs5,ENSMUSG00000017146/ENSMUSG00000021109/ENSMUSG00000028284/ENSMUSG00000037104
H,I_down,514,139,4395,HALLMARK_ANDROGEN_RESPONSE,5,111,0.04504504504504504,0.9988276075746503,0.9418769106515342,14229/20250/239273/69608/76687,Fkbp5/Scd2/Abcc4/Sec24d/Spcs3,ENSMUSG00000024222/ENSMUSG00000025203/ENSMUSG00000032849/ENSMUSG00000039234/ENSMUSG00000054408
H,I_down,514,139,4395,HALLMARK_ANGIOGENESIS,1,36,0.027777777777777776,0.9988276075746503,0.9418769106515342,94185,Tnfrsf21,ENSMUSG00000023915
H,I_down,514,139,4395,HALLMARK_APICAL_SURFACE,2,44,0.045454545454545456,0.9988276075746503,0.9418769106515342,12189/11487,Brca1/Adam10,ENSMUSG00000017146/ENSMUSG00000054693
H,I_down,514,139,4395,HALLMARK_APOPTOSIS,3,161,0.018633540372670808,0.9988276075746503,0.9418769106515342,12189/74006/12371,Brca1/Dnm1l/Casp9,ENSMUSG00000017146/ENSMUSG00000022789/ENSMUSG00000028914
H,I_down,514,139,4395,HALLMARK_BILE_ACID_METABOLISM,3,113,0.02654867256637168,0.9988276075746503,0.9418769106515342,27410/66307/71877,Abca3/Isoc1/Efhc1,ENSMUSG00000024130/ENSMUSG00000024601/ENSMUSG00000041809
H,I_down,514,139,4395,HALLMARK_CHOLESTEROL_HOMEOSTASIS,2,74,0.02702702702702703,0.9988276075746503,0.9418769106515342,14104/20250,Fasn/Scd2,ENSMUSG00000025153/ENSMUSG00000025203
H,I_down,514,139,4395,HALLMARK_COAGULATION,2,141,0.014184397163120567,0.9988276075746503,0.9418769106515342,12371/11502,Casp9/Adam9,ENSMUSG00000028914/ENSMUSG00000031555
H,I_down,514,139,4395,HALLMARK_COMPLEMENT,8,197,0.04060913705583756,0.9988276075746503,0.9418769106515342,110157/30955/105445/12371/11502/238130/56697/63985,Raf1/Pik3cg/Dock9/Casp9/Adam9/Dock4/Akap10/Gmfb,ENSMUSG00000000441/ENSMUSG00000020573/ENSMUSG00000025558/ENSMUSG00000028914/ENSMUSG00000031555/ENSMUSG00000035954/ENSMUSG00000047804/ENSMUSG00000062014
H,I_down,514,139,4395,HALLMARK_DNA_REPAIR,2,150,0.013333333333333334,0.9988276075746503,0.9418769106515342,13194/13871,Ddb1/Ercc2,ENSMUSG00000024740/ENSMUSG00000030400
H,I_down,514,139,4395,HALLMARK_E2F_TARGETS,5,200,0.025,0.9988276075746503,0.9418769106515342,13433/12189/69716/16201/100710,Dnmt1/Brca1/Trip13/Ilf3/Pds5b,ENSMUSG00000004099/ENSMUSG00000017146/ENSMUSG00000021569/ENSMUSG00000032178/ENSMUSG00000034021
H,I_down,514,139,4395,HALLMARK_EPITHELIAL_MESENCHYMAL_TRANSITION,3,200,0.015,0.9988276075746503,0.9418769106515342,22240/16412/12847,Dpysl3/Itgb1/Copa,ENSMUSG00000024501/ENSMUSG00000025809/ENSMUSG00000026553
H,I_down,514,139,4395,HALLMARK_ESTROGEN_RESPONSE_LATE,6,206,0.02912621359223301,0.9988276075746503,0.9418769106515342,19348/16195/27410/14229/23802/226101,Kif20a/Il6st/Abca3/Fkbp5/Amfr/Myof,ENSMUSG00000003779/ENSMUSG00000021756/ENSMUSG00000024130/ENSMUSG00000024222/ENSMUSG00000031751/ENSMUSG00000048612
H,I_down,514,139,4395,HALLMARK_FATTY_ACID_METABOLISM,3,160,0.01875,0.9988276075746503,0.9418769106515342,14104/229877/68728,Fasn/Rap1gds1/Trp53inp2,ENSMUSG00000025153/ENSMUSG00000028149/ENSMUSG00000038375
H,I_down,514,139,4395,HALLMARK_G2M_CHECKPOINT,8,199,0.04020100502512563,0.9988276075746503,0.9418769106515342,15251/18005/22427/16201/100710/51810/26416/19704,Hif1a/Nek2/Wrn/Ilf3/Pds5b/Hnrnpu/Mapk14/Upf1,ENSMUSG00000021109/ENSMUSG00000026622/ENSMUSG00000031583/ENSMUSG00000032178/ENSMUSG00000034021/ENSMUSG00000039630/ENSMUSG00000053436/ENSMUSG00000058301
H,I_down,514,139,4395,HALLMARK_GLYCOLYSIS,3,200,0.015,0.9988276075746503,0.9418769106515342,19348/23989/107029,Kif20a/Med24/Me2,ENSMUSG00000003779/ENSMUSG00000017210/ENSMUSG00000024556
H,I_down,514,139,4395,HALLMARK_HEDGEHOG_SIGNALING,1,36,0.027777777777777776,0.9988276075746503,0.9418769106515342,16728,L1cam,ENSMUSG00000031391
H,I_down,514,139,4395,HALLMARK_HYPOXIA,4,201,0.01990049751243781,0.9988276075746503,0.9418769106515342,11717/11977/15931/75785,Ampd3/Atp7a/Ids/Klhl24,ENSMUSG00000005686/ENSMUSG00000033792/ENSMUSG00000035847/ENSMUSG00000062901
H,I_down,514,139,4395,HALLMARK_IL2_STAT5_SIGNALING,4,200,0.02,0.9988276075746503,0.9418769106515342,94185/71602/72729/225010,Tnfrsf21/Myo1e/Cdc42se2/Lclat1,ENSMUSG00000023915/ENSMUSG00000032220/ENSMUSG00000052298/ENSMUSG00000054469
H,I_down,514,139,4395,HALLMARK_IL6_JAK_STAT3_SIGNALING,3,88,0.03409090909090909,0.9988276075746503,0.9418769106515342,16172/16195/94185,Il17ra/Il6st/Tnfrsf21,ENSMUSG00000002897/ENSMUSG00000021756/ENSMUSG00000023915
H,I_down,514,139,4395,HALLMARK_INFLAMMATORY_RESPONSE,7,199,0.035175879396984924,0.9988276075746503,0.9418769106515342,110157/26362/15251/11938/235574/19219/74442,Raf1/Axl/Hif1a/Atp2a2/Atp2c1/Ptger4/Sgms2,ENSMUSG00000000441/ENSMUSG00000002602/ENSMUSG00000021109/ENSMUSG00000029467/ENSMUSG00000032570/ENSMUSG00000039942/ENSMUSG00000050931
H,I_down,514,139,4395,HALLMARK_INTERFERON_GAMMA_RESPONSE,4,208,0.019230769230769232,0.9988276075746503,0.9418769106515342,15251/21928/19766/66307,Hif1a/Tnfaip2/Ripk1/Isoc1,ENSMUSG00000021109/ENSMUSG00000021281/ENSMUSG00000021408/ENSMUSG00000024601
H,I_down,514,139,4395,HALLMARK_KRAS_SIGNALING_DN,1,205,0.004878048780487805,0.9988276075746503,0.9418769106515342,20482,Skil,ENSMUSG00000027660
H,I_down,514,139,4395,HALLMARK_KRAS_SIGNALING_UP,6,204,0.029411764705882353,0.9988276075746503,0.9418769106515342,18826/67776/268980/74320/22217/233315,Lcp1/Vwa5a/Strn/Wdr33/Usp12/Mtmr10,ENSMUSG00000021998/ENSMUSG00000023186/ENSMUSG00000024077/ENSMUSG00000024400/ENSMUSG00000029640/ENSMUSG00000030522
H,I_down,514,139,4395,HALLMARK_MTORC1_SIGNALING,6,200,0.03,0.9988276075746503,0.9418769106515342,66713/104112/20250/27407/11938/192193,Actr2/Acly/Scd2/Abcf2/Atp2a2/Edem1,ENSMUSG00000020152/ENSMUSG00000020917/ENSMUSG00000025203/ENSMUSG00000028953/ENSMUSG00000029467/ENSMUSG00000030104
H,I_down,514,139,4395,HALLMARK_MYC_TARGETS_V1,5,200,0.025,0.9988276075746503,0.9418769106515342,13690/99138/13204/20133/51810,Eif4g2/Stard7/Dhx15/Rrm1/Hnrnpu,ENSMUSG00000005610/ENSMUSG00000027367/ENSMUSG00000029169/ENSMUSG00000030978/ENSMUSG00000039630
H,I_down,514,139,4395,HALLMARK_MYC_TARGETS_V2,1,58,0.017241379310344827,0.9988276075746503,0.9418769106515342,72515,Wdr43,ENSMUSG00000041057
H,I_down,514,139,4395,HALLMARK_MYOGENESIS,6,200,0.03,0.9988276075746503,0.9418769106515342,22084/225115/20250/16412/83679/78286,Tsc2/Svil/Scd2/Itgb1/Pde4dip/Nav2,ENSMUSG00000002496/ENSMUSG00000024236/ENSMUSG00000025203/ENSMUSG00000025809/ENSMUSG00000038170/ENSMUSG00000052512
H,I_down,514,139,4395,HALLMARK_NOTCH_SIGNALING,2,32,0.0625,0.9988276075746503,0.9418769106515342,103583/207521,Fbxw11/Dtx4,ENSMUSG00000020271/ENSMUSG00000039982
H,I_down,514,139,4395,HALLMARK_OXIDATIVE_PHOSPHORYLATION,3,198,0.015151515151515152,0.9988276075746503,0.9418769106515342,14661/66865/74143,Glud1/Pmpca/Opa1,ENSMUSG00000021794/ENSMUSG00000026926/ENSMUSG00000038084
H,I_down,514,139,4395,HALLMARK_P53_PATHWAY,4,200,0.02,0.9988276075746503,0.9418769106515342,22337/67776/116914/107568,Vdr/Vwa5a/Slc19a2/Wwp1,ENSMUSG00000022479/ENSMUSG00000023186/ENSMUSG00000040918/ENSMUSG00000041058
H,I_down,514,139,4395,HALLMARK_PANCREAS_BETA_CELLS,1,40,0.025,0.9988276075746503,0.9418769106515342,22337,Vdr,ENSMUSG00000022479
H,I_down,514,139,4395,HALLMARK_PEROXISOME,1,107,0.009345794392523364,0.9988276075746503,0.9418769106515342,66307,Isoc1,ENSMUSG00000024601
H,I_down,514,139,4395,HALLMARK_REACTIVE_OXYGEN_SPECIES_PATHWAY,2,49,0.04081632653061224,0.9988276075746503,0.9418769106515342,13871/320495,Ercc2/Ipcef1,ENSMUSG00000030400/ENSMUSG00000064065
H,I_down,514,139,4395,HALLMARK_SPERMATOGENESIS,3,135,0.022222222222222223,0.9988276075746503,0.9418769106515342,231600/18005/19087,Chfr/Nek2/Prkar2a,ENSMUSG00000014668/ENSMUSG00000026622/ENSMUSG00000032601
H,I_down,514,139,4395,HALLMARK_TGF_BETA_SIGNALING,3,54,0.05555555555555555,0.9988276075746503,0.9418769106515342,21812/20482/26409,Tgfbr1/Skil/Map3k7,ENSMUSG00000007613/ENSMUSG00000027660/ENSMUSG00000028284
H,I_down,514,139,4395,HALLMARK_TNFA_SIGNALING_VIA_NFKB,3,200,0.015,0.9988276075746503,0.9418769106515342,21928/16195/19219,Tnfaip2/Il6st/Ptger4,ENSMUSG00000021281/ENSMUSG00000021756/ENSMUSG00000039942
H,I_down,514,139,4395,HALLMARK_UV_RESPONSE_UP,7,162,0.043209876543209874,0.9988276075746503,0.9418769106515342,16195/110960/73340/15566/26905/51810/73122,Il6st/Tars/Nptxr/Htr7/Eif2s3x/Hnrnpu/Tgfbrap1,ENSMUSG00000021756/ENSMUSG00000022241/ENSMUSG00000022421/ENSMUSG00000024798/ENSMUSG00000035150/ENSMUSG00000039630/ENSMUSG00000070939
H,I_down,514,139,4395,HALLMARK_XENOBIOTIC_METABOLISM,1,202,0.0049504950495049506,0.9988276075746503,0.9418769106515342,11938,Atp2a2,ENSMUSG00000029467
H,both_up,514,130,4395,HALLMARK_INTERFERON_GAMMA_RESPONSE,14,208,0.0673076923076923,0.07040985931683943,0.06352769261669723,109552/70110/14990/12575/14102/12369/16651/16168/17750/100038882/15018/80876/667977/110557,Sri/Ifi35/H2-M2/Cdkn1a/Fas/Casp7/Sspn/Il15/Mt2/Isg15/H2-Q7/Ifitm2/Gm8909/H2-Q6,ENSMUSG00000003161/ENSMUSG00000010358/ENSMUSG00000016283/ENSMUSG00000023067/ENSMUSG00000024778/ENSMUSG00000025076/ENSMUSG00000030255/ENSMUSG00000031712/ENSMUSG00000031762/ENSMUSG00000035692/ENSMUSG00000060550/ENSMUSG00000060591/ENSMUSG00000073402/ENSMUSG00000073409
H,both_up,514,130,4395,HALLMARK_TGF_BETA_SIGNALING,6,54,0.1111111111111111,0.07040985931683943,0.06352769261669723,12550/15902/97064/18787/15258/12168,Cdh1/Id2/Wwtr1/Serpine1/Hipk2/Bmpr2,ENSMUSG00000000303/ENSMUSG00000020644/ENSMUSG00000027803/ENSMUSG00000037411/ENSMUSG00000061436/ENSMUSG00000067336
H,both_up,514,130,4395,HALLMARK_TNFA_SIGNALING_VIA_NFKB,13,200,0.065,0.07040985931683943,0.06352769261669723,21664/15902/12575/20229/70789/230734/14825/18787/20621/16173/18793/12608/20310,Phlda1/Id2/Cdkn1a/Sat1/Kynu/Yrdc/Cxcl1/Serpine1/Snn/Il18/Plaur/Cebpb/Cxcl2,ENSMUSG00000020205/ENSMUSG00000020644/ENSMUSG00000023067/ENSMUSG00000025283/ENSMUSG00000026866/ENSMUSG00000028889/ENSMUSG00000029380/ENSMUSG00000037411/ENSMUSG00000037972/ENSMUSG00000039217/ENSMUSG00000046223/ENSMUSG00000056501/ENSMUSG00000058427
H,both_up,514,130,4395,HALLMARK_XENOBIOTIC_METABOLISM,14,202,0.06930693069306931,0.07040985931683943,0.06352769261669723,15902/14102/13082/17161/66082/70789/12368/14085/17750/16816/18787/13849/51798/20733,Id2/Fas/Cyp26a1/Maoa/Abhd6/Kynu/Casp6/Fah/Mt2/Lcat/Serpine1/Ephx1/Ech1/Spint2,ENSMUSG00000020644/ENSMUSG00000024778/ENSMUSG00000024987/ENSMUSG00000025037/ENSMUSG00000025277/ENSMUSG00000026866/ENSMUSG00000027997/ENSMUSG00000030630/ENSMUSG00000031762/ENSMUSG00000035237/ENSMUSG00000037411/ENSMUSG00000038776/ENSMUSG00000053898/ENSMUSG00000074227
H,both_up,514,130,4395,HALLMARK_ADIPOGENESIS,11,200,0.055,0.2722934797617176,0.2456783276045572,19016/27362/14778/109019/66447/68465/16651/14085/23945/216820/51798,Pparg/Dnajb9/Gpx3/Nabp1/Mgst3/Adipor2/Sspn/Fah/Mgll/Dhrs7b/Ech1,ENSMUSG00000000440/ENSMUSG00000014905/ENSMUSG00000018339/ENSMUSG00000026107/ENSMUSG00000026688/ENSMUSG00000030168/ENSMUSG00000030255/ENSMUSG00000030630/ENSMUSG00000033174/ENSMUSG00000042569/ENSMUSG00000053898
H,both_up,514,130,4395,HALLMARK_INTERFERON_ALPHA_RESPONSE,7,102,0.06862745098039216,0.2722934797617176,0.2456783276045572,66355/70110/16168/100038882/667823/15018/80876,Gmpr/Ifi35/Il15/Isg15/Trim5/H2-Q7/Ifitm2,ENSMUSG00000000253/ENSMUSG00000010358/ENSMUSG00000031712/ENSMUSG00000035692/ENSMUSG00000060441/ENSMUSG00000060550/ENSMUSG00000060591
H,both_up,514,130,4395,HALLMARK_APOPTOSIS,9,161,0.055900621118012424,0.31411884034218557,0.28341549504558095,12444/14778/12575/14102/12369/20229/13198/12368/16173,Ccnd2/Gpx3/Cdkn1a/Fas/Casp7/Sat1/Ddit3/Casp6/Il18,ENSMUSG00000000184/ENSMUSG00000018339/ENSMUSG00000023067/ENSMUSG00000024778/ENSMUSG00000025076/ENSMUSG00000025283/ENSMUSG00000025408/ENSMUSG00000027997/ENSMUSG00000039217
H,both_up,514,130,4395,HALLMARK_CHOLESTEROL_HOMEOSTASIS,5,74,0.06756756756756757,0.31411884034218557,0.28341549504558095,19016/20195/228775/18793/51798,Pparg/S100a11/Trib3/Plaur/Ech1,ENSMUSG00000000440/ENSMUSG00000027907/ENSMUSG00000032715/ENSMUSG00000046223/ENSMUSG00000053898
H,both_up,514,130,4395,HALLMARK_COMPLEMENT,10,197,0.050761421319796954,0.31411884034218557,0.28341549504558095,19053/21417/12369/70789/14825/14068/18787/18793/12608/20310,Ppp2cb/Zeb1/Casp7/Kynu/Cxcl1/F7/Serpine1/Plaur/Cebpb/Cxcl2,ENSMUSG00000009630/ENSMUSG00000024238/ENSMUSG00000025076/ENSMUSG00000026866/ENSMUSG00000029380/ENSMUSG00000031443/ENSMUSG00000037411/ENSMUSG00000046223/ENSMUSG00000056501/ENSMUSG00000058427
H,both_up,514,130,4395,HALLMARK_EPITHELIAL_MESENCHYMAL_TRANSITION,10,200,0.05,0.31411884034218557,0.28341549504558095,15902/14314/14102/20229/13518/14825/16168/18787/18793/20310,Id2/Fstl1/Fas/Sat1/Dst/Cxcl1/Il15/Serpine1/Plaur/Cxcl2,ENSMUSG00000020644/ENSMUSG00000022816/ENSMUSG00000024778/ENSMUSG00000025283/ENSMUSG00000026131/ENSMUSG00000029380/ENSMUSG00000031712/ENSMUSG00000037411/ENSMUSG00000046223/ENSMUSG00000058427
H,both_up,514,130,4395,HALLMARK_MYOGENESIS,10,200,0.05,0.31411884034218557,0.28341549504558095,16795/14778/12575/14199/56642/97064/16651/93739/19309/12865,Large1/Gpx3/Cdkn1a/Fhl1/Ankrd2/Wwtr1/Sspn/Gabarapl2/Pygm/Cox7a1,ENSMUSG00000004383/ENSMUSG00000018339/ENSMUSG00000023067/ENSMUSG00000023092/ENSMUSG00000025172/ENSMUSG00000027803/ENSMUSG00000030255/ENSMUSG00000031950/ENSMUSG00000032648/ENSMUSG00000074218
H,both_up,514,130,4395,HALLMARK_ESTROGEN_RESPONSE_LATE,10,206,0.04854368932038835,0.3362276777368839,0.30336331825884266,12550/54135/16795/14302/64058/15902/13418/19143/72169/107586,Cdh1/Lsr/Large1/Frk/Perp/Id2/Dnajc1/St14/Trim29/Ovol2,ENSMUSG00000000303/ENSMUSG00000001247/ENSMUSG00000004383/ENSMUSG00000019779/ENSMUSG00000019851/ENSMUSG00000020644/ENSMUSG00000026740/ENSMUSG00000031995/ENSMUSG00000032013/ENSMUSG00000037279
H,both_up,514,130,4395,HALLMARK_HYPOXIA,9,201,0.04477611940298507,0.48666589760221424,0.4390970504681632,16795/12575/13198/12368/17750/19309/18787/18793/52331,Large1/Cdkn1a/Ddit3/Casp6/Mt2/Pygm/Serpine1/Plaur/Stbd1,ENSMUSG00000004383/ENSMUSG00000023067/ENSMUSG00000025408/ENSMUSG00000027997/ENSMUSG00000031762/ENSMUSG00000032648/ENSMUSG00000037411/ENSMUSG00000046223/ENSMUSG00000047963
H,both_up,514,130,4395,HALLMARK_P53_PATHWAY,9,200,0.045,0.48666589760221424,0.4390970504681632,12444/64058/12575/14102/20229/13198/19143/228775/13849,Ccnd2/Perp/Cdkn1a/Fas/Sat1/Ddit3/St14/Trib3/Ephx1,ENSMUSG00000000184/ENSMUSG00000019851/ENSMUSG00000023067/ENSMUSG00000024778/ENSMUSG00000025283/ENSMUSG00000025408/ENSMUSG00000031995/ENSMUSG00000032715/ENSMUSG00000038776
H,both_up,514,130,4395,HALLMARK_REACTIVE_OXYGEN_SPECIES_PATHWAY,3,49,0.061224489795918366,0.5738452239278194,0.5177550892581829,14778/15242/59041,Gpx3/Hhex/Stk25,ENSMUSG00000018339/ENSMUSG00000024986/ENSMUSG00000026277
H,both_up,514,130,4395,HALLMARK_ALLOGRAFT_REJECTION,8,204,0.0392156862745098,0.5843317832232388,0.527216646517208,12444/66211/15001/14102/16168/16173/16678/15018,Ccnd2/Rpl3l/H2-Oa/Fas/Il15/Il18/Krt1/H2-Q7,ENSMUSG00000000184/ENSMUSG00000002500/ENSMUSG00000024334/ENSMUSG00000024778/ENSMUSG00000031712/ENSMUSG00000039217/ENSMUSG00000046834/ENSMUSG00000060550
H,both_up,514,130,4395,HALLMARK_ANDROGEN_RESPONSE,5,111,0.04504504504504504,0.5843317832232388,0.527216646517208,66384/27362/17152/20229/22596,Srp19/Dnajb9/Mak/Sat1/Xrcc5,ENSMUSG00000014504/ENSMUSG00000014905/ENSMUSG00000021363/ENSMUSG00000025283/ENSMUSG00000026187
H,both_up,514,130,4395,HALLMARK_IL6_JAK_STAT3_SIGNALING,4,88,0.045454545454545456,0.5843317832232388,0.527216646517208,14102/14825/16847/20310,Fas/Cxcl1/Lepr/Cxcl2,ENSMUSG00000024778/ENSMUSG00000029380/ENSMUSG00000057722/ENSMUSG00000058427
H,both_up,514,130,4395,HALLMARK_MTORC1_SIGNALING,8,200,0.04,0.5843317832232388,0.527216646517208,20491/12575/13198/74192/68465/228775/67486/236539,Sla/Cdkn1a/Ddit3/Arpc5l/Adipor2/Trib3/Polr3g/Phgdh,ENSMUSG00000022372/ENSMUSG00000023067/ENSMUSG00000025408/ENSMUSG00000026755/ENSMUSG00000030168/ENSMUSG00000032715/ENSMUSG00000035834/ENSMUSG00000053398
H,both_up,514,130,4395,HALLMARK_PI3K_AKT_MTOR_SIGNALING,5,105,0.047619047619047616,0.5843317832232388,0.527216646517208,20491/12575/13198/66350/228775,Sla/Cdkn1a/Ddit3/Pla2g12a/Trib3,ENSMUSG00000022372/ENSMUSG00000023067/ENSMUSG00000025408/ENSMUSG00000027999/ENSMUSG00000032715
H,both_up,514,130,4395,HALLMARK_UNFOLDED_PROTEIN_RESPONSE,5,113,0.04424778761061947,0.5843317832232388,0.527216646517208,27362/109019/228998/233908/12608,Dnajb9/Nabp1/Arfgap1/Fus/Cebpb,ENSMUSG00000014905/ENSMUSG00000026107/ENSMUSG00000027575/ENSMUSG00000030795/ENSMUSG00000056501
H,both_up,514,130,4395,HALLMARK_UV_RESPONSE_DN,6,144,0.041666666666666664,0.5843317832232388,0.527216646517208,19016/109552/99633/23945/18787/20238,Pparg/Sri/Adgrl2/Mgll/Serpine1/Atxn1,ENSMUSG00000000440/ENSMUSG00000003161/ENSMUSG00000028184/ENSMUSG00000033174/ENSMUSG00000037411/ENSMUSG00000046876
H,both_up,514,130,4395,HALLMARK_ANGIOGENESIS,2,36,0.05555555555555555,0.5889536793721558,0.5313867783808924,12444/14314,Ccnd2/Fstl1,ENSMUSG00000000184/ENSMUSG00000022816
H,both_up,514,130,4395,HALLMARK_DNA_REPAIR,6,150,0.04,0.5889536793721558,0.5313867783808924,13870/20930/69870/21341/66136/20016,Ercc1/Surf1/Polr3gl/Taf1c/Znrd1/Polr1c,ENSMUSG00000003549/ENSMUSG00000015790/ENSMUSG00000028104/ENSMUSG00000031832/ENSMUSG00000036315/ENSMUSG00000067148
H,both_up,514,130,4395,HALLMARK_APICAL_SURFACE,2,44,0.045454545454545456,0.6198437500931872,0.5592575188810711,68465/18793,Adipor2/Plaur,ENSMUSG00000030168/ENSMUSG00000046223
H,both_up,514,130,4395,HALLMARK_FATTY_ACID_METABOLISM,6,160,0.0375,0.6198437500931872,0.5592575188810711,17161/68465/23945/13849/18207/51798,Maoa/Adipor2/Mgll/Ephx1/Nthl1/Ech1,ENSMUSG00000025037/ENSMUSG00000030168/ENSMUSG00000033174/ENSMUSG00000038776/ENSMUSG00000041429/ENSMUSG00000053898
H,both_up,514,130,4395,HALLMARK_G2M_CHECKPOINT,7,199,0.035175879396984924,0.6198437500931872,0.5592575188810711,68612/20641/17420/21915/17750/15361/21969,Ube2c/Snrpd1/Mnat1/Dtymk/Mt2/Hmga1/Top1,ENSMUSG00000001403/ENSMUSG00000002477/ENSMUSG00000021103/ENSMUSG00000026281/ENSMUSG00000031762/ENSMUSG00000046711/ENSMUSG00000070544
H,both_up,514,130,4395,HALLMARK_IL2_STAT5_SIGNALING,7,200,0.035,0.6198437500931872,0.5592575188810711,12444/21664/14085/20193/20719/15258/12168,Ccnd2/Phlda1/Fah/S100a1/Serpinb6a/Hipk2/Bmpr2,ENSMUSG00000000184/ENSMUSG00000020205/ENSMUSG00000030630/ENSMUSG00000044080/ENSMUSG00000060147/ENSMUSG00000061436/ENSMUSG00000067336
H,both_up,514,130,4395,HALLMARK_INFLAMMATORY_RESPONSE,7,199,0.035175879396984924,0.6198437500931872,0.5592575188810711,109552/12575/16168/18787/24115/16173/18793,Sri/Cdkn1a/Il15/Serpine1/Best1/Il18/Plaur,ENSMUSG00000003161/ENSMUSG00000023067/ENSMUSG00000031712/ENSMUSG00000037411/ENSMUSG00000037418/ENSMUSG00000039217/ENSMUSG00000046223
H,both_up,514,130,4395,HALLMARK_UV_RESPONSE_UP,6,162,0.037037037037037035,0.6198437500931872,0.5592575188810711,14778/17161/59041/14825/13849/15018,Gpx3/Maoa/Stk25/Cxcl1/Ephx1/H2-Q7,ENSMUSG00000018339/ENSMUSG00000025037/ENSMUSG00000026277/ENSMUSG00000029380/ENSMUSG00000038776/ENSMUSG00000060550
H,both_up,514,130,4395,HALLMARK_ESTROGEN_RESPONSE_EARLY,6,200,0.03,0.8366241476949317,0.7548488550630962,14302/66270/171531/107586/381269/71529,Frk/Retreg1/Mlph/Ovol2/Mreg/Kazn,ENSMUSG00000019779/ENSMUSG00000022270/ENSMUSG00000026303/ENSMUSG00000037279/ENSMUSG00000039395/ENSMUSG00000040606
H,both_up,514,130,4395,HALLMARK_PROTEIN_SECRETION,3,96,0.03125,0.8366241476949317,0.7548488550630962,13518/16651/54214,Dst/Sspn/Golga4,ENSMUSG00000026131/ENSMUSG00000030255/ENSMUSG00000038708
H,both_up,514,130,4395,HALLMARK_KRAS_SIGNALING_UP,6,204,0.029411764705882353,0.8406494481576074,0.7584807051046082,12444/20568/15902/23882/230734/18793,Ccnd2/Slpi/Id2/Gadd45g/Yrdc/Plaur,ENSMUSG00000000184/ENSMUSG00000017002/ENSMUSG00000020644/ENSMUSG00000021453/ENSMUSG00000028889/ENSMUSG00000046223
H,both_up,514,130,4395,HALLMARK_NOTCH_SIGNALING,1,32,0.03125,0.867212997448469,0.782447817246739,21416,Tcf7l2,ENSMUSG00000024985
H,both_up,514,130,4395,HALLMARK_PEROXISOME,3,107,0.028037383177570093,0.867212997448469,0.782447817246739,13870/20238/51798,Ercc1/Atxn1/Ech1,ENSMUSG00000003549/ENSMUSG00000046876/ENSMUSG00000053898
H,both_up,514,130,4395,HALLMARK_MITOTIC_SPINDLE,5,199,0.02512562814070352,0.9025367622524899,0.8143188832353292,13518/73178/108686/217944/104252,Dst/Wasl/Ccdc88a/Rapgef5/Cdc42ep2,ENSMUSG00000026131/ENSMUSG00000029684/ENSMUSG00000032740/ENSMUSG00000041992/ENSMUSG00000045664
H,both_up,514,130,4395,HALLMARK_OXIDATIVE_PHOSPHORYLATION,5,198,0.025252525252525252,0.9025367622524899,0.8143188832353292,17991/20930/12369/66447/51798,Ndufa2/Surf1/Casp7/Mgst3/Ech1,ENSMUSG00000014294/ENSMUSG00000015790/ENSMUSG00000025076/ENSMUSG00000026688/ENSMUSG00000053898
H,both_up,514,130,4395,HALLMARK_PANCREAS_BETA_CELLS,1,40,0.025,0.9025367622524899,0.8143188832353292,18548,Pcsk1,ENSMUSG00000021587
H,both_up,514,130,4395,HALLMARK_WNT_BETA_CATENIN_SIGNALING,1,42,0.023809523809523808,0.9025367622524899,0.8143188832353292,12444,Ccnd2,ENSMUSG00000000184
H,both_up,514,130,4395,HALLMARK_BILE_ACID_METABOLISM,2,113,0.017699115044247787,0.9733402900170222,0.8782017654288922,20238/69129,Atxn1/Pex11g,ENSMUSG00000046876/ENSMUSG00000069633
H,both_up,514,130,4395,HALLMARK_COAGULATION,3,141,0.02127659574468085,0.9733402900170222,0.8782017654288922,13038/18787/20193,Ctsk/Serpine1/S100a1,ENSMUSG00000028111/ENSMUSG00000037411/ENSMUSG00000044080
H,both_up,514,130,4395,HALLMARK_HEME_METABOLISM,4,195,0.020512820512820513,0.9733402900170222,0.8782017654288922,13857/66447/21969/666468,Epor/Mgst3/Top1/Atg4a,ENSMUSG00000006235/ENSMUSG00000026688/ENSMUSG00000070544/ENSMUSG00000079418
H,both_up,514,130,4395,HALLMARK_MYC_TARGETS_V2,1,58,0.017241379310344827,0.9733402900170222,0.8782017654288922,107071,Wdr74,ENSMUSG00000042729
H,both_up,514,130,4395,HALLMARK_APICAL_JUNCTION,3,199,0.01507537688442211,0.9861816452574205,0.8897879506081988,12550/73178/20130,Cdh1/Wasl/Rras,ENSMUSG00000000303/ENSMUSG00000029684/ENSMUSG00000038387
H,both_up,514,130,4395,HALLMARK_E2F_TARGETS,3,200,0.015,0.9861816452574205,0.8897879506081988,12575/15361/68479,Cdkn1a/Hmga1/Phf5a,ENSMUSG00000023067/ENSMUSG00000046711/ENSMUSG00000061360
H,both_up,514,130,4395,HALLMARK_GLYCOLYSIS,2,200,0.01,0.9861816452574205,0.8897879506081988,19053/12368,Ppp2cb/Casp6,ENSMUSG00000009630/ENSMUSG00000027997
H,both_up,514,130,4395,HALLMARK_KRAS_SIGNALING_DN,2,205,0.00975609756097561,0.9861816452574205,0.8897879506081988,20621/16678,Snn/Krt1,ENSMUSG00000037972/ENSMUSG00000046834
H,both_up,514,130,4395,HALLMARK_MYC_TARGETS_V1,3,200,0.015,0.9861816452574205,0.8897879506081988,69692/20641/21849,Hddc2/Snrpd1/Trim28,ENSMUSG00000000295/ENSMUSG00000002477/ENSMUSG00000005566
H,both_up,514,130,4395,HALLMARK_SPERMATOGENESIS,1,135,0.007407407407407408,0.9861816452574205,0.8897879506081988,54137,Acrbp,ENSMUSG00000072770
H,UI_down,335,97,4395,HALLMARK_HEDGEHOG_SIGNALING,4,36,0.1111111111111111,0.34404326100379673,0.33800741431951964,218397/18186/94190/18854,Rasa1/Nrp1/Ophn1/Pml,ENSMUSG00000021549/ENSMUSG00000025810/ENSMUSG00000031214/ENSMUSG00000036986
H,UI_down,335,97,4395,HALLMARK_COMPLEMENT,9,197,0.04568527918781726,0.4554777836489612,0.4474869453393303,14462/21858/19141/13030/27226/20779/17381/268936/56461,Gata3/Timp2/Lgmn/Ctsb/Pla2g7/Src/Mmp12/Brpf3/Kcnip3,ENSMUSG00000015619/ENSMUSG00000017466/ENSMUSG00000021190/ENSMUSG00000021939/ENSMUSG00000023913/ENSMUSG00000027646/ENSMUSG00000049723/ENSMUSG00000063952/ENSMUSG00000079056
H,UI_down,335,97,4395,HALLMARK_MITOTIC_SPINDLE,9,199,0.04522613065326633,0.4554777836489612,0.4474869453393303,11789/77579/218397/16443/106952/74018/232944/94190/209737,Apc/Myh10/Rasa1/Itsn1/Arap3/Als2/Mark4/Ophn1/Kif15,ENSMUSG00000005871/ENSMUSG00000020900/ENSMUSG00000021549/ENSMUSG00000022957/ENSMUSG00000024451/ENSMUSG00000026024/ENSMUSG00000030397/ENSMUSG00000031214/ENSMUSG00000036768
H,UI_down,335,97,4395,HALLMARK_ANGIOGENESIS,2,36,0.05555555555555555,0.8462616458624205,0.8314149503209745,18186/14182,Nrp1/Fgfr1,ENSMUSG00000025810/ENSMUSG00000031565
H,UI_down,335,97,4395,HALLMARK_APICAL_JUNCTION,7,199,0.035175879396984924,0.8462616458624205,0.8314149503209745,22629/77579/218397/68481/20779/14012/21810,Ywhah/Myh10/Rasa1/Mpzl1/Src/Mpzl2/Tgfbi,ENSMUSG00000018965/ENSMUSG00000020900/ENSMUSG00000021549/ENSMUSG00000026566/ENSMUSG00000027646/ENSMUSG00000032092/ENSMUSG00000035493
H,UI_down,335,97,4395,HALLMARK_EPITHELIAL_MESENCHYMAL_TRANSITION,7,200,0.035,0.8462616458624205,0.8314149503209745,16419/67305/22341/19035/21810/11475/52118,Itgb5/Gpx7/Vegfc/Ppib/Tgfbi/Acta2/Pvr,ENSMUSG00000022817/ENSMUSG00000028597/ENSMUSG00000031520/ENSMUSG00000032383/ENSMUSG00000035493/ENSMUSG00000035783/ENSMUSG00000040511
H,UI_down,335,97,4395,HALLMARK_IL2_STAT5_SIGNALING,7,200,0.035,0.8462616458624205,0.8314149503209745,16153/22247/18186/16403/13813/12577/13808,Il10/Umps/Nrp1/Itga6/Eomes/Cdkn1c/Eno3,ENSMUSG00000016529/ENSMUSG00000022814/ENSMUSG00000025810/ENSMUSG00000027111/ENSMUSG00000032446/ENSMUSG00000037664/ENSMUSG00000060600
H,UI_down,335,97,4395,HALLMARK_INFLAMMATORY_RESPONSE,7,199,0.035175879396984924,0.8462616458624205,0.8314149503209745,13733/16153/68713/16177/269346/18439/52118,Adgre1/Il10/Ifitm1/Il1r1/Slc28a2/P2rx7/Pvr,ENSMUSG00000004730/ENSMUSG00000016529/ENSMUSG00000025491/ENSMUSG00000026072/ENSMUSG00000027219/ENSMUSG00000029468/ENSMUSG00000040511
H,UI_down,335,97,4395,HALLMARK_INTERFERON_GAMMA_RESPONSE,7,208,0.03365384615384615,0.8462616458624205,0.8314149503209745,14129/15976/20846/18854/327959/231655/66892,Fcgr1/Ifnar2/Stat1/Pml/Xaf1/Oasl1/Eif4e3,ENSMUSG00000015947/ENSMUSG00000022971/ENSMUSG00000026104/ENSMUSG00000036986/ENSMUSG00000040483/ENSMUSG00000041827/ENSMUSG00000093661
H,UI_down,335,97,4395,HALLMARK_TGF_BETA_SIGNALING,3,54,0.05555555555555555,0.8462616458624205,0.8314149503209745,11789/14225/12577,Apc/Fkbp1a/Cdkn1c,ENSMUSG00000005871/ENSMUSG00000032966/ENSMUSG00000037664
H,UI_down,335,97,4395,HALLMARK_ALLOGRAFT_REJECTION,5,204,0.024509803921568627,0.9095637426245736,0.8936064839820375,16153/17084/15976/20846/12525,Il10/Ly86/Ifnar2/Stat1/Cd8a,ENSMUSG00000016529/ENSMUSG00000021423/ENSMUSG00000022971/ENSMUSG00000026104/ENSMUSG00000053977
H,UI_down,335,97,4395,HALLMARK_ANDROGEN_RESPONSE,3,111,0.02702702702702703,0.9095637426245736,0.8936064839820375,76267/544963/17132,Fads1/Iqgap2/Maf,ENSMUSG00000010663/ENSMUSG00000021676/ENSMUSG00000055435
H,UI_down,335,97,4395,HALLMARK_APICAL_SURFACE,1,44,0.022727272727272728,0.9095637426245736,0.8936064839820375,14462,Gata3,ENSMUSG00000015619
H,UI_down,335,97,4395,HALLMARK_BILE_ACID_METABOLISM,3,113,0.02654867256637168,0.9095637426245736,0.8936064839820375,76267/212503/14630,Fads1/Paox/Gclm,ENSMUSG00000010663/ENSMUSG00000025464/ENSMUSG00000028124
H,UI_down,335,97,4395,HALLMARK_CHOLESTEROL_HOMEOSTASIS,2,74,0.02702702702702703,0.9095637426245736,0.8936064839820375,19141/66071,Lgmn/Ethe1,ENSMUSG00000021190/ENSMUSG00000064254
H,UI_down,335,97,4395,HALLMARK_DNA_REPAIR,3,150,0.02,0.9095637426245736,0.8936064839820375,11486/94223/22247,Ada/Dgcr8/Umps,ENSMUSG00000017697/ENSMUSG00000022718/ENSMUSG00000022814
H,UI_down,335,97,4395,HALLMARK_E2F_TARGETS,4,200,0.02,0.9095637426245736,0.8936064839820375,17218/17219/17350/101565,Mcm5/Mcm6/Mlh1/Ccp110,ENSMUSG00000005410/ENSMUSG00000026355/ENSMUSG00000032498/ENSMUSG00000033904
H,UI_down,335,97,4395,HALLMARK_G2M_CHECKPOINT,6,199,0.03015075376884422,0.9095637426245736,0.8936064839820375,16211/17218/17219/26429/209737/18854,Kpnb1/Mcm5/Mcm6/Orc5/Kif15/Pml,ENSMUSG00000001440/ENSMUSG00000005410/ENSMUSG00000026355/ENSMUSG00000029012/ENSMUSG00000036768/ENSMUSG00000036986
H,UI_down,335,97,4395,HALLMARK_GLYCOLYSIS,4,200,0.02,0.9095637426245736,0.8936064839820375,74104/76969/110094/21810,Abcb6/Chst1/Phka2/Tgfbi,ENSMUSG00000026198/ENSMUSG00000027221/ENSMUSG00000031295/ENSMUSG00000035493
H,UI_down,335,97,4395,HALLMARK_HEME_METABOLISM,4,195,0.020512820512820513,0.9095637426245736,0.8936064839820375,13030/64898/74104/14630,Ctsb/Lpin2/Abcb6/Gclm,ENSMUSG00000021939/ENSMUSG00000024052/ENSMUSG00000026198/ENSMUSG00000028124
H,UI_down,335,97,4395,HALLMARK_HYPOXIA,4,201,0.01990049751243781,0.9095637426245736,0.8936064839820375,21810/15275/12577/13808,Tgfbi/Hk1/Cdkn1c/Eno3,ENSMUSG00000035493/ENSMUSG00000037012/ENSMUSG00000037664/ENSMUSG00000060600
H,UI_down,335,97,4395,HALLMARK_IL6_JAK_STAT3_SIGNALING,2,88,0.022727272727272728,0.9095637426245736,0.8936064839820375,16177/20846,Il1r1/Stat1,ENSMUSG00000026072/ENSMUSG00000026104
H,UI_down,335,97,4395,HALLMARK_INTERFERON_ALPHA_RESPONSE,2,102,0.0196078431372549,0.9095637426245736,0.8936064839820375,68713/231655,Ifitm1/Oasl1,ENSMUSG00000025491/ENSMUSG00000041827
H,UI_down,335,97,4395,HALLMARK_KRAS_SIGNALING_UP,4,204,0.0196078431372549,0.9095637426245736,0.8936064839820375,20440/18186/14012/228662,St6gal1/Nrp1/Mpzl2/Btbd3,ENSMUSG00000022885/ENSMUSG00000025810/ENSMUSG00000032092/ENSMUSG00000062098
H,UI_down,335,97,4395,HALLMARK_MTORC1_SIGNALING,4,200,0.02,0.9095637426245736,0.8936064839820375,76267/66997/19141/27275,Fads1/Psmd12/Lgmn/Nufip1,ENSMUSG00000010663/ENSMUSG00000020720/ENSMUSG00000021190/ENSMUSG00000022009
H,UI_down,335,97,4395,HALLMARK_MYC_TARGETS_V2,2,58,0.034482758620689655,0.9095637426245736,0.8936064839820375,17218/53608,Mcm5/Map3k6,ENSMUSG00000005410/ENSMUSG00000028862
H,UI_down,335,97,4395,HALLMARK_MYOGENESIS,4,200,0.02,0.9095637426245736,0.8936064839820375,11515/16419/14077/13808,Adcy9/Itgb5/Fabp3/Eno3,ENSMUSG00000005580/ENSMUSG00000022817/ENSMUSG00000028773/ENSMUSG00000060600
H,UI_down,335,97,4395,HALLMARK_NOTCH_SIGNALING,1,32,0.03125,0.9095637426245736,0.8936064839820375,54613,St3gal6,ENSMUSG00000022747
H,UI_down,335,97,4395,HALLMARK_P53_PATHWAY,5,200,0.025,0.9095637426245736,0.8936064839820375,14667/20683/22032/11486/101565,Gm2a/Sp1/Traf4/Ada/Ccp110,ENSMUSG00000000594/ENSMUSG00000001280/ENSMUSG00000017386/ENSMUSG00000017697/ENSMUSG00000033904
H,UI_down,335,97,4395,HALLMARK_PEROXISOME,3,107,0.028037383177570093,0.9095637426245736,0.8936064839820375,76267/22629/26889,Fads1/Ywhah/Cln8,ENSMUSG00000010663/ENSMUSG00000018965/ENSMUSG00000026317
H,UI_down,335,97,4395,HALLMARK_REACTIVE_OXYGEN_SPECIES_PATHWAY,1,49,0.02040816326530612,0.9095637426245736,0.8936064839820375,14630,Gclm,ENSMUSG00000028124
H,UI_down,335,97,4395,HALLMARK_UV_RESPONSE_DN,3,144,0.020833333333333332,0.9095637426245736,0.8936064839820375,18186/19274/15893,Nrp1/Ptprm/Ica1,ENSMUSG00000025810/ENSMUSG00000033278/ENSMUSG00000062995
H,UI_down,335,97,4395,HALLMARK_XENOBIOTIC_METABOLISM,4,202,0.019801980198019802,0.9095637426245736,0.8936064839820375,11432/246277/64898/16177,Acp2/Csad/Lpin2/Il1r1,ENSMUSG00000002103/ENSMUSG00000023044/ENSMUSG00000024052/ENSMUSG00000026072
H,UI_down,335,97,4395,HALLMARK_APOPTOSIS,3,161,0.018633540372670808,0.92282475409511,0.9066348461285292,18611/21858/229791,Pea15a/Timp2/Plppr4,ENSMUSG00000013698/ENSMUSG00000017466/ENSMUSG00000044667
H,UI_down,335,97,4395,HALLMARK_ADIPOGENESIS,2,200,0.01,0.967476483189259,0.9505032115543597,16443/23943,Itsn1/Esyt1,ENSMUSG00000022957/ENSMUSG00000025366
H,UI_down,335,97,4395,HALLMARK_COAGULATION,2,141,0.014184397163120567,0.967476483189259,0.9505032115543597,19141/13030,Lgmn/Ctsb,ENSMUSG00000021190/ENSMUSG00000021939
H,UI_down,335,97,4395,HALLMARK_ESTROGEN_RESPONSE_EARLY,3,200,0.015,0.967476483189259,0.9505032115543597,11515/54326/101490,Adcy9/Elovl2/Inpp5f,ENSMUSG00000005580/ENSMUSG00000021364/ENSMUSG00000042105
H,UI_down,335,97,4395,HALLMARK_FATTY_ACID_METABOLISM,2,160,0.0125,0.967476483189259,0.9505032115543597,22629/13808,Ywhah/Eno3,ENSMUSG00000018965/ENSMUSG00000060600
H,UI_down,335,97,4395,HALLMARK_KRAS_SIGNALING_DN,2,205,0.00975609756097561,0.967476483189259,0.9505032115543597,104271/17769,Tex15/Mthfr,ENSMUSG00000009628/ENSMUSG00000029009
H,UI_down,335,97,4395,HALLMARK_MYC_TARGETS_V1,3,200,0.015,0.967476483189259,0.9505032115543597,16211/17218/17219,Kpnb1/Mcm5/Mcm6,ENSMUSG00000001440/ENSMUSG00000005410/ENSMUSG00000026355
H,UI_down,335,97,4395,HALLMARK_PI3K_AKT_MTOR_SIGNALING,1,105,0.009523809523809525,0.967476483189259,0.9505032115543597,26399,Map2k6,ENSMUSG00000020623
H,UI_down,335,97,4395,HALLMARK_PROTEIN_SECRETION,1,96,0.010416666666666666,0.967476483189259,0.9505032115543597,15893,Ica1,ENSMUSG00000062995
H,UI_down,335,97,4395,HALLMARK_UNFOLDED_PROTEIN_RESPONSE,1,113,0.008849557522123894,0.967476483189259,0.9505032115543597,78943,Ern1,ENSMUSG00000020715
H,UI_down,335,97,4395,HALLMARK_UV_RESPONSE_UP,2,162,0.012345679012345678,0.967476483189259,0.9505032115543597,110920/12577,Hspa13/Cdkn1c,ENSMUSG00000032932/ENSMUSG00000037664
H,UI_down,335,97,4395,HALLMARK_TNFA_SIGNALING_VIA_NFKB,1,200,0.005,0.9896314028800632,0.9722694484435711,74646,Spsb1,ENSMUSG00000039911
H,UI_up,144,37,4395,HALLMARK_ESTROGEN_RESPONSE_EARLY,6,200,0.03,0.21145801575644954,0.20403843625622325,67815/22433/16669/11988/22057/20539,Sec14l2/Xbp1/Krt19/Slc7a2/Tob1/Slc7a5,ENSMUSG00000003585/ENSMUSG00000020484/ENSMUSG00000020911/ENSMUSG00000031596/ENSMUSG00000037573/ENSMUSG00000040010
H,UI_up,144,37,4395,HALLMARK_ESTROGEN_RESPONSE_LATE,5,206,0.024271844660194174,0.49801068722542235,0.48053662802453034,20393/22433/16669/22057/20539,Sgk1/Xbp1/Krt19/Tob1/Slc7a5,ENSMUSG00000019970/ENSMUSG00000020484/ENSMUSG00000020911/ENSMUSG00000037573/ENSMUSG00000040010
H,UI_up,144,37,4395,HALLMARK_APOPTOSIS,4,161,0.024844720496894408,0.5376518082165849,0.5187868324896872,12531/12156/12481/21808,Cdc25b/Bmp2/Cd2/Tgfb2,ENSMUSG00000027330/ENSMUSG00000027358/ENSMUSG00000027863/ENSMUSG00000039239
H,UI_up,144,37,4395,HALLMARK_ADIPOGENESIS,3,200,0.015,0.5938185996725015,0.5729828593331154,17001/70335/22057,Ltc4s/Reep6/Tob1,ENSMUSG00000020377/ENSMUSG00000035504/ENSMUSG00000037573
H,UI_up,144,37,4395,HALLMARK_ALLOGRAFT_REJECTION,3,204,0.014705882352941176,0.5938185996725015,0.5729828593331154,12481/15000/21808,Cd2/H2-DMb2/Tgfb2,ENSMUSG00000027863/ENSMUSG00000037548/ENSMUSG00000039239
H,UI_up,144,37,4395,HALLMARK_ANDROGEN_RESPONSE,2,111,0.018018018018018018,0.5938185996725015,0.5729828593331154,20393/16669,Sgk1/Krt19,ENSMUSG00000019970/ENSMUSG00000020911
H,UI_up,144,37,4395,HALLMARK_FATTY_ACID_METABOLISM,3,160,0.01875,0.5938185996725015,0.5729828593331154,17001/12892/70335,Ltc4s/Cpox/Reep6,ENSMUSG00000020377/ENSMUSG00000022742/ENSMUSG00000035504
H,UI_up,144,37,4395,HALLMARK_G2M_CHECKPOINT,3,199,0.01507537688442211,0.5938185996725015,0.5729828593331154,12531/20539/13405,Cdc25b/Slc7a5/Dmd,ENSMUSG00000027330/ENSMUSG00000040010/ENSMUSG00000045103
H,UI_up,144,37,4395,HALLMARK_IL2_STAT5_SIGNALING,3,200,0.015,0.5938185996725015,0.5729828593331154,22433/12156/19883,Xbp1/Bmp2/Rora,ENSMUSG00000020484/ENSMUSG00000027358/ENSMUSG00000032238
H,UI_up,144,37,4395,HALLMARK_INFLAMMATORY_RESPONSE,3,199,0.01507537688442211,0.5938185996725015,0.5729828593331154,54393/11988/20312,Gabbr1/Slc7a2/Cx3cl1,ENSMUSG00000024462/ENSMUSG00000031596/ENSMUSG00000031778
H,UI_up,144,37,4395,HALLMARK_KRAS_SIGNALING_DN,3,205,0.014634146341463415,0.5938185996725015,0.5729828593331154,20393/20608/21808,Sgk1/Sstr4/Tgfb2,ENSMUSG00000019970/ENSMUSG00000037014/ENSMUSG00000039239
H,UI_up,144,37,4395,HALLMARK_PEROXISOME,2,107,0.018691588785046728,0.5938185996725015,0.5729828593331154,20183/16413,Rxrg/Itgb1bp1,ENSMUSG00000015843/ENSMUSG00000062352
H,UI_up,144,37,4395,HALLMARK_UNFOLDED_PROTEIN_RESPONSE,3,113,0.02654867256637168,0.5938185996725015,0.5729828593331154,22433/64209/20539,Xbp1/Herpud1/Slc7a5,ENSMUSG00000020484/ENSMUSG00000031770/ENSMUSG00000040010
H,UI_up,144,37,4395,HALLMARK_UV_RESPONSE_UP,3,162,0.018518518518518517,0.5938185996725015,0.5729828593331154,12724/12156/20182,Clcn2/Bmp2/Rxrb,ENSMUSG00000022843/ENSMUSG00000027358/ENSMUSG00000039656
H,UI_up,144,37,4395,HALLMARK_XENOBIOTIC_METABOLISM,3,202,0.01485148514851485,0.5938185996725015,0.5729828593331154,59046/27273/21808,Arpp19/Pdk4/Tgfb2,ENSMUSG00000007656/ENSMUSG00000019577/ENSMUSG00000039239
H,UI_up,144,37,4395,HALLMARK_APICAL_SURFACE,1,44,0.022727272727272728,0.662915359273956,0.6396551712292557,20312,Cx3cl1,ENSMUSG00000031778
H,UI_up,144,37,4395,HALLMARK_COAGULATION,2,141,0.014184397163120567,0.662915359273956,0.6396551712292557,14071/22041,F9/Trf,ENSMUSG00000031138/ENSMUSG00000032554
H,UI_up,144,37,4395,HALLMARK_DNA_REPAIR,2,150,0.013333333333333334,0.662915359273956,0.6396551712292557,229906/54208,Gtf2b/Arl6ip1,ENSMUSG00000028271/ENSMUSG00000030654
H,UI_up,144,37,4395,HALLMARK_REACTIVE_OXYGEN_SPECIES_PATHWAY,1,49,0.02040816326530612,0.662915359273956,0.6396551712292557,54132,Pdlim1,ENSMUSG00000055044
H,UI_up,144,37,4395,HALLMARK_TGF_BETA_SIGNALING,1,54,0.018518518518518517,0.662915359273956,0.6396551712292557,12156,Bmp2,ENSMUSG00000027358
H,UI_up,144,37,4395,HALLMARK_COMPLEMENT,2,197,0.01015228426395939,0.7308428146362907,0.7051992071051929,18706/94214,Pik3ca/Spock2,ENSMUSG00000027665/ENSMUSG00000058297
H,UI_up,144,37,4395,HALLMARK_EPITHELIAL_MESENCHYMAL_TRANSITION,2,200,0.01,0.7308428146362907,0.7051992071051929,13132/107528,Dab2/Magee1,ENSMUSG00000022150/ENSMUSG00000031227
H,UI_up,144,37,4395,HALLMARK_MTORC1_SIGNALING,2,200,0.01,0.7308428146362907,0.7051992071051929,22433/20539,Xbp1/Slc7a5,ENSMUSG00000020484/ENSMUSG00000040010
H,UI_up,144,37,4395,HALLMARK_P53_PATHWAY,2,200,0.01,0.7308428146362907,0.7051992071051929,12156/22057,Bmp2/Tob1,ENSMUSG00000027358/ENSMUSG00000037573
H,UI_up,144,37,4395,HALLMARK_TNFA_SIGNALING_VIA_NFKB,2,200,0.01,0.7308428146362907,0.7051992071051929,20393/12156,Sgk1/Bmp2,ENSMUSG00000019970/ENSMUSG00000027358
H,UI_up,144,37,4395,HALLMARK_APICAL_JUNCTION,1,199,0.005025125628140704,0.8289775116703939,0.799890581436345,20312,Cx3cl1,ENSMUSG00000031778
H,UI_up,144,37,4395,HALLMARK_BILE_ACID_METABOLISM,1,113,0.008849557522123894,0.8289775116703939,0.799890581436345,20183,Rxrg,ENSMUSG00000015843
H,UI_up,144,37,4395,HALLMARK_E2F_TARGETS,1,200,0.005,0.8289775116703939,0.799890581436345,12531,Cdc25b,ENSMUSG00000027330
H,UI_up,144,37,4395,HALLMARK_GLYCOLYSIS,1,200,0.005,0.8289775116703939,0.799890581436345,59046,Arpp19,ENSMUSG00000007656
H,UI_up,144,37,4395,HALLMARK_HEME_METABOLISM,1,195,0.005128205128205128,0.8289775116703939,0.799890581436345,12892,Cpox,ENSMUSG00000022742
H,UI_up,144,37,4395,HALLMARK_HYPOXIA,1,201,0.004975124378109453,0.8289775116703939,0.799890581436345,19883,Rora,ENSMUSG00000032238
H,UI_up,144,37,4395,HALLMARK_KRAS_SIGNALING_UP,1,204,0.004901960784313725,0.8289775116703939,0.799890581436345,12156,Bmp2,ENSMUSG00000027358
H,UI_up,144,37,4395,HALLMARK_MYOGENESIS,1,200,0.005,0.8289775116703939,0.799890581436345,13405,Dmd,ENSMUSG00000045103
H,UI_up,144,37,4395,HALLMARK_OXIDATIVE_PHOSPHORYLATION,1,198,0.005050505050505051,0.8289775116703939,0.799890581436345,27273,Pdk4,ENSMUSG00000019577
H,UI_up,144,37,4395,HALLMARK_SPERMATOGENESIS,1,135,0.007407407407407408,0.8289775116703939,0.799890581436345,16162,Il12rb2,ENSMUSG00000018341
H,UI_up,144,37,4395,HALLMARK_UV_RESPONSE_DN,1,144,0.006944444444444444,0.8289775116703939,0.799890581436345,13132,Dab2,ENSMUSG00000022150
